,Type,ASM,constrast,correl,variance,inv diff mom,sum aveg,sum var,sum entropy,entropy,dif var,dif entropy,IMC1,IMC2,colors
0,1,0.06250,220.45629,0.33330,176.96966,0.23476,140.87132,487.42235,3.05917,4.11977,0.00200,2.70205,-0.66373,0.98529,0.57000
1,1,0.06265,35.93913,0.15288,24.35091,0.25649,115.26266,61.46449,2.87654,4.08760,0.00315,2.38193,-0.63710,0.98340,0.42500
2,1,0.05668,94.66258,0.35417,88.29147,0.22248,164.13399,258.50331,3.03165,4.20547,0.00235,2.40839,-0.67320,0.98987,0.44750
3,1,0.05367,364.05229,0.24475,267.42215,0.15912,157.20098,705.63630,3.20706,4.27369,0.00121,2.94304,-0.73084,0.99238,0.48750
4,1,0.05144,196.93954,0.39782,174.77884,0.14169,174.38072,502.17584,3.21862,4.31617,0.00137,2.84978,-0.77013,0.99737,0.53500
5,1,0.05468,194.23897,0.38457,187.01390,0.15319,251.54371,553.81664,3.23362,4.24918,0.00104,2.83426,-0.74922,0.99615,0.52250
6,1,0.07726,341.95057,0.35280,305.74009,0.26632,144.99060,881.00977,2.92803,3.91118,0.00255,2.52673,-0.59639,0.95030,0.38500
7,1,0.06439,303.88031,0.18788,260.24974,0.23983,141.84926,737.11866,2.97577,4.09188,0.00219,2.62144,-0.62422,0.97296,0.45750
8,1,0.05890,1083.40972,0.30408,736.22272,0.19005,147.88603,1861.48118,3.12046,4.18195,0.00228,2.68092,-0.68074,0.98708,0.39750
9,1,0.06033,73.75082,0.26258,59.33414,0.22709,120.11601,163.58574,3.06816,4.13999,0.00256,2.56879,-0.62853,0.98365,0.45000
10,1,0.06318,154.31822,0.23026,127.12692,0.21403,169.24387,354.18946,3.02539,4.09597,0.00183,2.61974,-0.64582,0.98600,0.34750
11,1,0.06519,70.89624,0.44381,74.10546,0.23556,124.74918,225.52560,3.09416,4.11637,0.00296,2.45646,-0.67367,0.97608,0.40000
12,1,0.05455,576.59273,0.21912,453.89351,0.11851,118.52900,1238.98131,3.20164,4.27633,0.00138,3.00651,-0.75946,0.99592,0.56500
13,1,0.05600,151.95711,0.37990,126.36408,0.17502,161.08864,353.49919,3.21159,4.23488,0.00183,2.66539,-0.71649,0.99300,0.50000
14,1,0.07262,789.42279,0.18761,568.84272,0.25733,134.85743,1485.94809,2.90067,3.98264,0.00326,2.48198,-0.60625,0.95183,0.42500
15,1,0.05661,264.52492,0.33510,190.68114,0.15919,132.95221,498.19965,3.21056,4.22363,0.00185,2.76207,-0.72611,0.99516,0.51250
16,1,0.05902,70.85498,0.29748,66.49477,0.18706,309.36234,195.12408,3.01866,4.17755,0.00111,2.60437,-0.66737,0.98650,0.46000
17,1,0.05342,169.46855,0.27208,134.46662,0.17637,121.79126,368.39793,3.14850,4.27614,0.00205,2.76545,-0.68132,0.99089,0.60250
18,1,0.05318,73.07435,0.46426,73.97038,0.13385,157.90850,222.80719,3.22403,4.28145,0.00167,2.77327,-0.75754,0.99688,0.44000
19,1,0.05192,653.48529,0.32486,525.37967,0.08527,183.33905,1448.03338,3.22496,4.30841,0.00113,2.95929,-0.79802,0.99801,0.40500
20,1,0.05582,84.23652,0.38829,73.92778,0.16100,269.20792,211.47459,3.19337,4.23445,0.00096,2.87325,-0.71135,0.99379,0.55250
21,1,0.05406,110.37459,0.36323,99.48548,0.16343,128.05842,287.56735,3.20586,4.27450,0.00180,2.82832,-0.72462,0.99313,0.39250
22,1,0.05668,64.22263,0.43880,63.16371,0.18047,184.69649,188.43220,3.14793,4.21364,0.00173,2.58670,-0.67273,0.99155,0.45750
23,1,0.08159,22.21405,0.24625,17.09127,0.36353,88.08007,46.15103,2.78797,3.80430,0.00427,2.31997,-0.54036,0.95309,0.31250
24,1,0.06066,280.60049,0.30244,194.38537,0.18115,290.08578,496.94097,3.11417,4.16529,0.00099,2.79476,-0.70941,0.98997,0.46750
25,1,0.05811,40.05596,0.45082,43.19387,0.21055,74.10172,132.71951,3.11537,4.19076,0.00391,2.50171,-0.67515,0.98427,0.43000
26,1,0.05424,49.53472,0.48164,52.62379,0.18530,266.60662,160.96046,3.18001,4.26315,0.00121,2.64300,-0.70697,0.99257,0.51000
27,1,0.05880,113.46773,0.33245,89.06984,0.23719,126.45711,242.81165,3.00571,4.16949,0.00266,2.45974,-0.66855,0.98852,0.47750
28,1,0.06051,93.27492,0.39746,99.57370,0.22599,93.80923,305.01987,3.00415,4.15139,0.00350,2.48169,-0.66912,0.98786,0.39250
29,1,0.06540,42.12173,0.26161,37.52060,0.27391,77.04412,107.96065,2.93213,4.06305,0.00406,2.44730,-0.59921,0.97449,0.46500
30,1,0.05596,73.42974,0.37510,54.43903,0.19433,153.43382,144.32639,3.18696,4.22834,0.00180,2.70400,-0.71001,0.99177,0.36250
31,1,0.05124,135.85907,0.36838,118.42429,0.13121,306.37868,337.83811,3.18616,4.32025,0.00095,2.75415,-0.75505,0.99679,0.47250
32,1,0.06607,16.53554,0.23888,13.31191,0.29296,133.75368,36.71211,2.89048,4.03722,0.00301,2.31617,-0.58010,0.97383,0.57500
33,1,0.05935,77.86560,0.39721,74.12809,0.19756,107.91054,218.64678,3.11371,4.18829,0.00288,2.60023,-0.69595,0.99083,0.49750
34,1,0.05582,108.94322,0.40008,102.19146,0.16785,83.89828,299.82263,3.17020,4.23324,0.00321,2.66234,-0.69391,0.98922,0.52500
35,1,0.05931,111.53391,0.22684,80.43098,0.19044,230.19649,210.19001,3.06872,4.18457,0.00130,2.72775,-0.66963,0.98498,0.32750
36,1,0.05604,667.49592,0.27156,492.31981,0.13197,275.69690,1301.78334,3.19846,4.24118,0.00085,2.92888,-0.73071,0.99420,0.35500
37,1,0.05219,510.90727,0.35740,413.84496,0.11110,317.25858,1144.47257,3.28175,4.30146,0.00075,2.91571,-0.75396,0.99620,0.56500
38,1,0.06901,304.72590,0.23786,260.17233,0.24356,96.33292,735.96343,2.98781,4.03412,0.00313,2.63574,-0.60832,0.95508,0.42750
39,1,0.06160,531.51266,0.24152,315.27178,0.23570,136.09763,729.57445,3.04542,4.13240,0.00230,2.49690,-0.66249,0.98133,0.53750
40,1,0.05828,29.83864,0.34355,26.09353,0.24359,107.73325,74.53546,3.04861,4.18156,0.00308,2.49510,-0.67247,0.98838,0.38750
41,1,0.05971,474.68832,0.33758,435.30051,0.17907,113.92606,1266.51372,3.09285,4.14826,0.00262,2.70308,-0.68149,0.98944,0.36750
42,1,0.05252,363.49101,0.49458,384.37409,0.11910,312.10948,1174.00533,3.21761,4.30146,0.00078,2.90825,-0.77975,0.99757,0.50250
43,1,0.05613,130.03922,0.31682,102.86388,0.14117,212.87010,281.41630,3.18371,4.24131,0.00127,2.82015,-0.73890,0.99570,0.39000
44,1,0.05426,139.76389,0.25130,96.78122,0.17488,180.41095,247.36097,3.11738,4.26266,0.00152,2.77021,-0.72253,0.99370,0.51000
45,1,0.05886,70.59886,0.36943,62.28234,0.21822,123.37827,178.53050,3.05579,4.17736,0.00260,2.52437,-0.68799,0.99054,0.40250
46,1,0.05745,156.13889,0.33788,116.66266,0.17228,232.48366,310.51173,3.20063,4.20985,0.00107,2.90531,-0.69836,0.99144,0.43500
47,1,0.06915,1530.27124,0.36413,1309.07597,0.23918,127.12827,3706.03266,3.06141,4.06936,0.00270,2.64481,-0.63160,0.96691,0.43500
48,1,0.04994,362.72304,0.41549,340.34440,0.06907,217.98039,998.65457,3.28449,4.34762,0.00094,2.99642,-0.81946,0.99870,0.64250
49,1,0.06069,336.73734,0.29650,256.42663,0.16425,249.93096,688.96917,3.14913,4.17681,0.00111,2.79164,-0.70112,0.98617,0.41000
50,1,0.06846,194.31209,0.33240,138.12696,0.22730,153.29820,358.19576,3.05862,4.04567,0.00186,2.67766,-0.65528,0.98202,0.29500
51,1,0.05502,150.57802,0.32544,136.99722,0.14476,175.80433,397.41085,3.14148,4.24834,0.00153,2.77464,-0.72941,0.99409,0.48250
52,1,0.05956,533.18505,0.28906,382.51708,0.19109,204.60743,996.88327,3.08366,4.16827,0.00144,2.68114,-0.68122,0.98794,0.56000
53,1,0.06081,197.00613,0.43691,188.98586,0.13468,142.68587,558.93731,3.21340,4.17827,0.00155,2.90738,-0.71388,0.99001,0.53750
54,1,0.07519,177.19975,0.18433,145.20541,0.30431,106.33864,403.62190,2.91823,3.94211,0.00343,2.47459,-0.56024,0.96356,0.56750
55,1,0.06707,86.97794,0.28656,88.49166,0.25907,109.08660,266.98870,2.94223,4.03274,0.00308,2.50148,-0.61011,0.97763,0.40500
56,1,0.05273,458.73039,0.24672,317.62821,0.13280,161.07925,811.78245,3.23160,4.29983,0.00123,2.96752,-0.75123,0.99621,0.50000
57,1,0.05198,233.03758,0.28396,144.31124,0.10839,285.43627,344.20738,3.21924,4.31127,0.00095,2.82194,-0.73378,0.99596,0.50000
58,1,0.05162,166.07149,0.42098,152.91556,0.10449,301.25123,445.59074,3.23670,4.31494,0.00086,2.88593,-0.75116,0.99613,0.47250
59,1,0.06226,58.29453,0.42072,58.49802,0.22119,235.67933,175.69756,3.06396,4.11537,0.00152,2.52836,-0.66716,0.98694,0.43750
60,1,0.06444,576.41217,0.29155,588.97259,0.22080,166.56332,1779.47820,2.97921,4.08604,0.00208,2.63978,-0.66700,0.97866,0.47000
61,1,0.05982,81.60090,0.22022,66.29691,0.18755,227.67688,183.58673,3.06154,4.14836,0.00142,2.61660,-0.66143,0.98819,0.36750
62,1,0.05260,310.12296,0.33324,264.59880,0.15135,236.41953,748.27225,3.20034,4.29370,0.00110,2.84206,-0.74237,0.99584,0.55750
63,1,0.05622,420.86479,0.18067,332.38232,0.15231,195.56005,908.66450,3.13947,4.21445,0.00135,2.79441,-0.70682,0.99082,0.37500
64,1,0.05721,64.02410,0.25750,55.67013,0.17864,241.19567,158.65642,3.02608,4.21678,0.00131,2.64434,-0.70195,0.99097,0.42500
65,1,0.05526,177.65564,0.24674,113.57963,0.16426,294.21446,276.66287,3.13362,4.26552,0.00096,2.77006,-0.75255,0.99554,0.45750
66,1,0.05064,360.18423,0.29898,319.09369,0.09871,128.48897,916.19053,3.20513,4.32924,0.00192,2.82930,-0.76569,0.99704,0.48250
67,1,0.05848,437.29698,0.29003,297.33643,0.11450,216.58456,752.04874,3.18019,4.19727,0.00106,2.91388,-0.73768,0.99316,0.37750
68,1,0.06264,105.79534,0.34007,103.08837,0.21285,103.02819,306.55815,3.06316,4.11075,0.00299,2.62093,-0.65564,0.97619,0.49500
69,1,0.05832,235.03391,0.40739,246.16290,0.20124,220.17361,749.61770,3.16173,4.19779,0.00128,2.76896,-0.68316,0.98695,0.48250
70,1,0.05737,137.20547,0.18682,100.53446,0.16202,330.74796,264.93238,3.10840,4.20209,0.00090,2.80459,-0.69644,0.99209,0.41250
71,1,0.06113,43.47876,0.32610,39.29390,0.25221,146.38317,113.69685,2.97300,4.12527,0.00259,2.36345,-0.64335,0.98558,0.36750
72,1,0.06493,174.48325,0.34172,153.76735,0.26197,135.33374,440.58616,2.98137,4.07682,0.00280,2.42499,-0.62556,0.97716,0.53750
73,1,0.05890,88.92974,0.27557,66.14933,0.22900,67.26225,175.66757,2.95761,4.17727,0.00377,2.52222,-0.69910,0.99161,0.35500
74,1,0.05386,199.92198,0.19150,113.32517,0.15052,311.66626,253.37871,3.18745,4.26642,0.00085,2.88760,-0.74429,0.99624,0.48000
75,1,0.05262,273.02778,0.46037,269.70145,0.09527,237.58007,805.77803,3.27990,4.29665,0.00086,3.01793,-0.76257,0.99689,0.52500
76,1,0.05700,212.04493,0.41692,166.92517,0.17111,209.76961,455.65575,3.16777,4.20996,0.00152,2.62894,-0.71696,0.99468,0.44000
77,1,0.05171,450.91381,0.32181,371.60916,0.10635,250.68995,1035.52284,3.26396,4.31127,0.00082,3.02450,-0.77240,0.99692,0.53000
78,1,0.05731,347.55923,0.41249,333.20913,0.14803,135.81005,985.27729,3.16640,4.20858,0.00170,2.85959,-0.72051,0.99191,0.57000
79,1,0.06256,535.22059,0.36930,519.87298,0.22882,195.50817,1544.27133,3.08790,4.13078,0.00146,2.69432,-0.67806,0.98931,0.48750
80,1,0.08126,295.12459,0.19228,245.67123,0.37645,106.46446,687.56031,2.72867,3.84141,0.00438,2.12780,-0.49669,0.92731,0.31250
81,1,0.05643,119.97141,0.27207,99.26550,0.19692,123.87010,277.09060,3.14568,4.22914,0.00180,2.80472,-0.71739,0.99383,0.48750
82,1,0.05267,269.23652,0.35479,240.21082,0.15229,214.67933,691.60677,3.18664,4.29084,0.00118,2.85976,-0.73567,0.99559,0.51000
83,1,0.05896,239.35498,0.33547,207.94211,0.18282,216.98325,592.41346,3.16324,4.18727,0.00130,2.75634,-0.67956,0.98983,0.51500
84,1,0.05883,275.95833,0.40176,253.55532,0.19155,105.03922,738.26296,3.14989,4.18096,0.00240,2.78623,-0.68316,0.99103,0.45750
85,1,0.05272,220.03636,0.42362,199.26170,0.13750,302.84845,577.01045,3.25141,4.29738,0.00082,2.90463,-0.75422,0.99665,0.47500
86,1,0.05466,153.02328,0.40248,138.99093,0.15911,139.79861,402.94042,3.21710,4.24795,0.00162,2.86722,-0.72768,0.99269,0.40500
87,1,0.05526,564.86520,0.42607,586.43744,0.16185,119.51471,1780.88458,3.18665,4.24509,0.00224,2.75711,-0.72083,0.99252,0.38250
88,1,0.08161,48.95874,0.31368,50.95805,0.34347,129.06904,154.87347,2.77405,3.83823,0.00361,2.23399,-0.54404,0.94414,0.33000
89,1,0.05467,656.44812,0.33855,506.17790,0.12761,349.40074,1368.26347,3.22217,4.26183,0.00071,2.94829,-0.74037,0.99558,0.48250
90,1,0.07657,11.88971,0.24173,9.07590,0.34758,92.06291,24.41390,2.75985,3.87245,0.00477,2.11770,-0.51202,0.94288,0.39000
91,1,0.05576,198.40809,0.23038,142.98754,0.13254,268.74224,373.54209,3.16569,4.23692,0.00092,2.89914,-0.71208,0.99302,0.51750
92,1,0.05914,298.29085,0.35108,261.58960,0.20212,146.84150,748.06754,3.05844,4.18103,0.00222,2.53288,-0.69627,0.98719,0.53000
93,1,0.06217,175.82026,0.28094,169.23419,0.23156,97.23775,501.11651,2.97033,4.12649,0.00324,2.50669,-0.65121,0.98127,0.34000
94,1,0.06109,64.68015,0.41971,63.67605,0.19264,139.42606,190.02404,3.06114,4.13691,0.00224,2.57680,-0.69198,0.98941,0.48500
95,1,0.05719,189.76879,0.38581,187.37496,0.17328,236.76144,559.73105,3.13786,4.22525,0.00117,2.81485,-0.71150,0.98980,0.46000
96,1,0.05550,71.32761,0.28233,55.22923,0.17859,179.83007,149.58932,3.14568,4.23466,0.00191,2.54813,-0.73205,0.99516,0.48500
97,1,0.05389,627.26838,0.17683,371.31155,0.14891,172.93505,857.97782,3.20034,4.26918,0.00138,2.88392,-0.73087,0.99411,0.41250
98,1,0.05730,208.97386,0.19191,166.63073,0.17376,100.40768,457.54906,3.06216,4.20399,0.00255,2.75604,-0.69644,0.98126,0.48750
99,1,0.06004,86.34600,0.25495,76.77526,0.20636,182.56740,220.75505,3.08732,4.15796,0.00154,2.70695,-0.64918,0.98326,0.47250
100,1,0.05136,933.57802,0.39713,759.08007,0.07386,234.54861,2102.74225,3.29614,4.32189,0.00084,3.04520,-0.80936,0.99832,0.51250
101,1,0.05303,390.82026,0.36013,292.05000,0.11757,274.88235,777.37974,3.22198,4.28880,0.00093,2.86820,-0.72471,0.99511,0.46750
102,1,0.05223,339.37704,0.32845,301.16995,0.12837,208.66462,865.30275,3.20388,4.30258,0.00116,2.86050,-0.76189,0.99604,0.41000
103,1,0.06690,104.50041,0.28650,83.38620,0.26210,107.86234,229.04438,2.87486,4.02885,0.00333,2.40014,-0.62260,0.97480,0.44500
104,1,0.05490,314.07721,0.35767,217.69377,0.16499,287.14992,556.69788,3.15292,4.24550,0.00100,2.72542,-0.70998,0.99382,0.43250
105,1,0.05511,195.02574,0.38631,191.25123,0.17774,254.04779,569.97920,3.12319,4.24823,0.00127,2.68183,-0.71543,0.99196,0.48250
106,1,0.06099,40.85090,0.22449,27.27401,0.19766,152.95792,68.24515,3.01921,4.13386,0.00211,2.52222,-0.64406,0.98698,0.38500
107,1,0.06816,262.70302,0.21922,163.25026,0.21403,197.84436,390.29801,3.04772,4.07797,0.00166,2.62758,-0.67748,0.98280,0.46500
108,1,0.05498,67.36560,0.34449,53.28931,0.16441,187.12459,145.79166,3.13722,4.25119,0.00161,2.69107,-0.70027,0.99194,0.36000
109,1,0.05372,420.06781,0.33611,370.50252,0.14973,273.08497,1061.94227,3.24313,4.27859,0.00082,2.95704,-0.71846,0.99477,0.53750
110,1,0.05403,538.71364,0.32047,376.07666,0.14182,302.93505,965.59301,3.21165,4.27573,0.00088,2.79697,-0.74272,0.99573,0.50500
111,1,0.05691,131.77165,0.29455,125.22253,0.18129,166.64175,369.11845,3.18972,4.20955,0.00159,2.80946,-0.61604,0.98528,0.48750
112,1,0.05573,505.96528,0.27461,358.88166,0.17066,302.18668,929.56138,3.16957,4.23886,0.00103,2.72990,-0.70573,0.98899,0.38750
113,1,0.05287,154.89461,0.28263,110.75378,0.11886,191.81699,288.12053,3.23487,4.29656,0.00116,2.93133,-0.74008,0.99509,0.42250
114,1,0.05333,309.33783,0.32974,258.29173,0.12013,293.70874,723.82910,3.26345,4.28757,0.00082,2.93290,-0.76165,0.99470,0.49000
115,1,0.05311,474.29779,0.26961,353.96669,0.07952,237.91381,941.56896,3.27532,4.28635,0.00078,3.11474,-0.76871,0.99728,0.48000
116,1,0.05013,402.45588,0.32031,331.81909,0.10412,287.61193,924.82049,3.28511,4.34436,0.00090,2.88069,-0.79959,0.99822,0.41000
117,1,0.05011,397.55801,0.21760,320.02731,0.07130,106.77206,882.55124,3.28787,4.34517,0.00172,2.99470,-0.78154,0.99769,0.53000
118,1,0.05194,279.77492,0.19036,186.70260,0.08153,256.98080,467.03548,3.18378,4.30677,0.00090,2.95573,-0.79346,0.99796,0.51500
119,1,0.05271,505.22590,0.29776,407.59541,0.08981,218.01838,1125.15574,3.23563,4.29501,0.00090,3.09102,-0.77808,0.99632,0.47000
120,1,0.06761,84.23897,0.33761,81.00837,0.25354,211.75858,239.79451,2.94117,4.05336,0.00166,2.53413,-0.65527,0.97534,0.41000
121,1,0.05098,115.41503,0.46251,110.70894,0.10238,196.32026,327.42073,3.24498,4.32434,0.00128,2.79230,-0.79243,0.99797,0.52750
122,1,0.05318,100.53350,0.49995,99.34984,0.14297,270.37745,296.86585,3.20993,4.28145,0.00103,2.77086,-0.74383,0.99522,0.54000
123,1,0.06518,235.06822,0.34991,220.60142,0.27617,113.06005,647.33745,3.00435,4.06581,0.00321,2.50620,-0.61673,0.97648,0.50000
124,1,0.05164,404.71977,0.35639,316.14075,0.11541,258.33987,859.84323,3.22463,4.31617,0.00096,2.86229,-0.76239,0.99707,0.44750
125,1,0.06554,36.95792,0.35542,32.88716,0.29315,86.02002,94.59070,2.99976,4.06602,0.00384,2.40840,-0.61740,0.98206,0.50750
126,1,0.06102,123.86765,0.21480,101.14279,0.21585,46.34395,280.70352,2.99496,4.14101,0.00558,2.54004,-0.63215,0.97743,0.36750
127,1,0.05262,705.64869,0.31092,429.91994,0.12604,279.71324,1014.03107,3.22087,4.29697,0.00097,2.82158,-0.78487,0.99766,0.40000
128,1,0.05877,464.22059,0.33111,366.50022,0.15066,132.79085,1001.78027,3.11899,4.18929,0.00203,2.83380,-0.71465,0.99205,0.60250
129,1,0.05275,241.45833,0.30714,216.38491,0.12770,203.72222,624.08129,3.22107,4.29003,0.00113,2.89921,-0.75394,0.99638,0.54750
130,1,0.05428,343.48080,0.46084,356.93433,0.16980,144.72590,1084.25650,3.27358,4.25612,0.00132,2.96498,-0.73475,0.99502,0.45500
131,1,0.05910,216.93587,0.29976,185.16016,0.19057,133.97181,523.70476,3.08275,4.17644,0.00232,2.67486,-0.67523,0.98440,0.40250
132,1,0.06244,2080.35417,0.27089,1414.20046,0.20743,342.16626,3576.44768,3.06315,4.12762,0.00089,2.73512,-0.67919,0.97677,0.47250
133,1,0.05395,316.09600,0.29274,220.94926,0.12160,274.10417,567.70106,3.22465,4.27001,0.00084,2.93754,-0.71772,0.99412,0.42750
134,1,0.05537,99.89992,0.36858,94.16270,0.14627,191.66299,276.75087,3.15525,4.24668,0.00158,2.67844,-0.74267,0.99484,0.54000
135,1,0.05908,85.72018,0.31941,51.34722,0.22600,206.07966,119.66870,3.06845,4.16911,0.00153,2.59074,-0.63226,0.98394,0.36500
136,1,0.05225,313.82516,0.43842,317.64226,0.10115,116.29657,956.74390,3.28594,4.29942,0.00140,3.06120,-0.77470,0.99726,0.50500
137,1,0.05326,288.75082,0.35292,199.32808,0.12582,185.60294,508.56150,3.24814,4.27930,0.00134,2.90174,-0.74712,0.99520,0.48250
138,1,0.05818,84.75327,0.38042,82.70827,0.20952,320.25572,246.07982,3.10520,4.17808,0.00103,2.68041,-0.65284,0.98760,0.40500
139,1,0.06033,1172.34109,0.33082,957.07362,0.18953,213.69649,2655.95337,3.09031,4.16784,0.00154,2.69164,-0.67715,0.98597,0.53000
140,1,0.05044,1053.44036,0.18108,689.61286,0.08692,297.39788,1705.01107,3.29329,4.33905,0.00069,3.03606,-0.78610,0.99789,0.45750
141,1,0.05898,233.55270,0.31059,225.92709,0.17633,145.79534,670.15565,3.06876,4.18173,0.00212,2.66129,-0.67590,0.98570,0.33000
142,1,0.06230,338.50531,0.34378,282.30681,0.20948,65.70384,790.72194,3.05482,4.12678,0.00382,2.56865,-0.64907,0.97307,0.34000
143,1,0.05949,249.52859,0.32857,191.03508,0.21814,262.86928,514.61172,3.02317,4.16409,0.00147,2.40012,-0.68300,0.98799,0.38250
144,1,0.05408,108.01144,0.34926,100.31585,0.14652,307.52859,293.25197,3.13683,4.25816,0.00091,2.80948,-0.72303,0.99423,0.49000
145,1,0.05766,93.16340,0.15346,60.66761,0.19000,233.43791,149.50704,3.06967,4.19861,0.00126,2.72958,-0.64142,0.98102,0.41250
146,1,0.05432,347.03758,0.35097,285.84210,0.13623,316.29493,796.33081,3.21617,4.26121,0.00087,2.83778,-0.73887,0.99421,0.36250
147,1,0.05582,305.79698,0.25563,253.16653,0.13539,328.91462,706.86913,3.13145,4.22793,0.00093,2.73825,-0.72472,0.99470,0.40750
148,1,0.05461,446.42688,0.24447,336.16807,0.15065,115.81087,898.24538,3.17917,4.25222,0.00170,2.86105,-0.73824,0.99532,0.57250
149,1,0.05575,120.93546,0.35140,106.87458,0.17013,246.62990,306.56286,3.16285,4.22783,0.00122,2.70420,-0.71854,0.99344,0.46500
150,1,0.05217,279.43301,0.42436,268.85391,0.12348,178.17402,795.98262,3.23729,4.29738,0.00125,2.93982,-0.75878,0.99447,0.54000
151,1,0.05568,91.57680,0.25585,86.33098,0.16864,150.77778,253.74712,3.13671,4.24068,0.00192,2.67406,-0.69873,0.99092,0.45000
152,1,0.05549,1272.95425,0.37563,982.97797,0.14919,228.91503,2658.95763,3.27254,4.23986,0.00111,2.95182,-0.73169,0.99101,0.44750
153,1,0.05059,480.24877,0.35629,413.61730,0.06903,254.85743,1174.22044,3.27755,4.33537,0.00074,3.11881,-0.78678,0.99789,0.56250
154,1,0.05158,153.68096,0.23063,98.84277,0.11322,220.09109,241.69010,3.24672,4.32189,0.00107,2.97324,-0.74512,0.99656,0.39750
155,1,0.06003,285.03799,0.34956,266.38954,0.17134,154.98162,780.52019,3.10327,4.18174,0.00176,2.78125,-0.71925,0.99288,0.43500
156,1,0.05588,66.99632,0.32598,57.45034,0.17179,169.84355,162.80504,3.11403,4.22783,0.00186,2.59906,-0.69816,0.99301,0.48000
157,1,0.05699,1312.91258,0.17262,829.59044,0.11259,186.58415,2005.44916,3.15710,4.21525,0.00098,2.89435,-0.72482,0.99388,0.50750
158,1,0.05945,87.84722,0.36337,80.83669,0.20516,329.60131,235.49952,3.11807,4.17849,0.00096,2.69526,-0.72033,0.99235,0.49750
159,1,0.05650,456.17279,0.25352,341.56969,0.20410,120.78881,910.10597,3.03962,4.20822,0.00254,2.57418,-0.68713,0.99040,0.33000
160,1,0.04995,2785.28799,0.27504,1987.50865,0.09859,204.37377,5164.74661,3.30299,4.34967,0.00117,2.97895,-0.80443,0.99829,0.35750
161,1,0.06054,618.31536,0.30042,456.39213,0.23973,175.48366,1207.25318,3.05850,4.15019,0.00206,2.57385,-0.66374,0.98667,0.48750
162,1,0.05579,263.57435,0.33350,234.65143,0.14350,178.28105,675.03139,3.10276,4.24181,0.00166,2.70898,-0.75782,0.99619,0.50500
163,1,0.06161,411.42606,0.22760,269.59285,0.23977,192.65074,666.94532,2.99660,4.13497,0.00195,2.44326,-0.64962,0.98673,0.43000
164,1,0.05119,416.54126,0.34235,346.57354,0.09003,232.47018,969.75292,3.25466,4.32638,0.00097,3.00062,-0.80338,0.99823,0.46500
165,1,0.05964,56.17034,0.34942,47.86072,0.23248,157.46038,135.27252,3.05715,4.15644,0.00229,2.48654,-0.64786,0.98828,0.39500
166,1,0.05277,355.99796,0.16396,271.24544,0.09792,174.32312,728.98378,3.16888,4.29615,0.00119,2.99930,-0.78256,0.99741,0.35250
167,1,0.05226,399.29248,0.29629,296.07573,0.13050,173.70588,785.01044,3.17662,4.30065,0.00135,2.80406,-0.75187,0.99504,0.48000
168,1,0.05851,115.38562,0.25809,82.80069,0.18650,297.07026,215.81713,3.14519,4.17186,0.00095,2.81379,-0.65881,0.98876,0.42250
169,1,0.05754,266.11193,0.28629,221.83000,0.20119,239.18056,621.20808,3.08092,4.19811,0.00128,2.67742,-0.68144,0.98813,0.52500
170,1,0.05575,179.11765,0.35217,145.47343,0.17320,293.30556,402.77605,3.20219,4.24467,0.00095,2.80131,-0.71151,0.99084,0.54750
171,1,0.07090,171.53227,0.24249,125.78713,0.27660,113.44077,331.61625,2.83257,3.97322,0.00432,2.29897,-0.56940,0.95731,0.45750
172,1,0.05797,283.77165,0.32232,231.84152,0.16020,314.22998,643.59444,3.11318,4.19362,0.00091,2.81487,-0.69561,0.99052,0.39000
173,1,0.05578,367.38562,0.30352,247.96154,0.17094,116.85049,624.46056,3.20208,4.23815,0.00204,2.85589,-0.70381,0.99199,0.37000
174,1,0.05699,157.10989,0.44325,149.72990,0.19031,232.39420,441.80972,3.16567,4.21669,0.00130,2.71276,-0.67593,0.98815,0.45500
175,1,0.05433,235.85212,0.32430,164.85464,0.12319,192.89461,423.56643,3.23516,4.26470,0.00125,2.86264,-0.74417,0.99474,0.38000
176,1,0.06929,94.93546,0.30076,83.66332,0.23594,306.29085,239.71782,3.01922,4.02883,0.00112,2.62296,-0.63751,0.97797,0.44750
177,1,0.05329,228.94322,0.30883,178.62134,0.13768,97.55515,485.54215,3.20012,4.27970,0.00246,2.80574,-0.72604,0.99435,0.45750
178,1,0.05335,268.98979,0.30451,231.37678,0.12186,249.54616,656.51735,3.16314,4.28104,0.00108,2.82481,-0.75344,0.99449,0.49750
179,1,0.06596,209.30964,0.33978,184.32356,0.27019,116.01389,527.98459,2.99711,4.06416,0.00276,2.57818,-0.62445,0.97201,0.37000
0,2,0.05565,82.93627,0.39407,59.99113,0.16817,305.68954,157.02825,3.19682,4.23047,0.00106,2.64371,-0.70444,0.99402,0.60750
1,2,0.05395,686.42525,0.27821,455.89217,0.12869,328.33864,1137.14342,3.20953,4.26326,0.00074,2.96168,-0.71948,0.99435,0.49500
2,2,0.05063,1191.96201,0.32316,1005.41553,0.07733,252.14828,2829.70013,3.28665,4.33292,0.00082,2.97802,-0.80370,0.99821,0.51500
3,2,0.05304,323.15850,0.36410,255.33109,0.14363,261.21160,698.16585,3.21004,4.29125,0.00099,2.83935,-0.74823,0.99599,0.58250
4,2,0.05159,721.42851,0.23445,590.80457,0.09155,270.74714,1641.78975,3.25630,4.31739,0.00073,3.07263,-0.77949,0.99759,0.61750
5,2,0.05637,171.28350,0.29646,133.42537,0.19393,227.63725,362.41798,3.10256,4.21568,0.00125,2.75489,-0.67964,0.99072,0.62000
6,2,0.05163,384.34150,0.48384,391.84441,0.13964,287.64951,1183.03613,3.20328,4.31208,0.00080,2.97627,-0.75915,0.99691,0.63000
7,2,0.05680,59.35294,0.30454,52.97923,0.21262,288.92810,152.56398,3.08983,4.21200,0.00112,2.65227,-0.66271,0.98865,0.60000
8,2,0.05609,310.35825,0.40066,252.97371,0.16123,240.88194,701.53657,3.15898,4.23120,0.00116,2.75333,-0.73270,0.99484,0.61250
9,2,0.05154,394.58824,0.50172,402.83770,0.08730,332.34559,1216.76255,3.28431,4.32107,0.00066,3.02450,-0.78077,0.99759,0.50000
10,2,0.05343,194.04126,0.27621,149.67293,0.16551,226.77819,404.65045,3.19175,4.27532,0.00107,2.87843,-0.71292,0.99414,0.63750
11,2,0.05229,185.47181,0.40072,168.30461,0.12220,304.60008,487.74663,3.26652,4.29615,0.00081,2.90904,-0.75306,0.99620,0.47750
12,2,0.05113,552.40850,0.37927,375.23759,0.09904,257.64216,948.54185,3.23854,4.32842,0.00083,3.01164,-0.80216,0.99823,0.53250
13,2,0.05250,172.29126,0.39253,146.80109,0.12093,255.68096,414.91312,3.24161,4.29329,0.00101,2.82578,-0.74959,0.99617,0.51500
14,2,0.05156,427.43505,0.32393,340.23658,0.10999,308.46364,933.51129,3.25016,4.31851,0.00071,3.02427,-0.78170,0.99735,0.52750
15,2,0.05170,300.98693,0.31312,216.04720,0.08684,246.20588,563.20189,3.22454,4.30922,0.00095,2.92746,-0.75636,0.99705,0.50750
16,2,0.05095,285.35376,0.45279,231.27804,0.10485,225.32190,639.75840,3.26552,4.32679,0.00104,2.89292,-0.79226,0.99803,0.49000
17,2,0.05005,451.44526,0.30810,349.84317,0.08048,361.47958,947.92740,3.26988,4.34721,0.00060,3.06598,-0.79449,0.99812,0.47750
18,2,0.05463,348.72508,0.42028,270.94698,0.12070,323.25613,735.06283,3.18665,4.26306,0.00101,2.64965,-0.74432,0.99401,0.51250
19,2,0.05490,592.10825,0.27130,431.62878,0.10877,362.98407,1134.40687,3.21562,4.25599,0.00067,2.98254,-0.73145,0.99263,0.37750
20,2,0.05401,97.01307,0.26462,79.51752,0.13255,362.04493,221.05701,3.13281,4.26121,0.00084,2.72128,-0.72936,0.99560,0.57000
21,2,0.05603,238.78962,0.35241,190.50388,0.13773,180.31740,523.22589,3.15712,4.23895,0.00150,2.80852,-0.72303,0.99392,0.49500
22,2,0.05813,1309.46814,0.26298,959.46828,0.15922,336.30392,2528.40498,3.20074,4.19626,0.00077,2.89227,-0.73565,0.99428,0.42750
23,2,0.05080,724.79412,0.31258,595.58857,0.06523,308.82598,1657.56016,3.31127,4.32761,0.00058,3.14782,-0.79541,0.99816,0.43250
24,2,0.05110,1136.04371,0.32504,848.23043,0.08892,274.49959,2256.87801,3.30268,4.32597,0.00080,3.05064,-0.78828,0.99798,0.46250
25,2,0.05491,88.11724,0.35934,77.10407,0.15676,340.65482,220.29903,3.17327,4.24907,0.00075,2.89768,-0.73788,0.99608,0.43250
26,2,0.05202,905.39093,0.22972,644.31879,0.07550,368.91381,1671.88423,3.27009,4.30105,0.00057,3.08477,-0.74823,0.99635,0.51750
27,2,0.05104,465.51920,0.28879,364.59896,0.07798,373.54453,992.87665,3.25571,4.33006,0.00062,3.03646,-0.77884,0.99775,0.48250
28,2,0.05303,326.68546,0.45552,289.51098,0.15481,352.33824,831.35846,3.20555,4.28512,0.00092,2.69567,-0.72333,0.99464,0.50500
29,2,0.05428,133.55923,0.29858,108.41146,0.16647,192.26920,300.08661,3.17080,4.25612,0.00136,2.79788,-0.71588,0.99507,0.62000
30,2,0.05164,383.51144,0.42035,337.21865,0.11476,206.63562,965.36315,3.24528,4.31413,0.00120,2.85768,-0.76934,0.99721,0.41750
31,2,0.09604,1391.84109,0.18193,978.22120,0.19773,364.60743,2521.04370,3.01039,3.96488,0.00073,2.84682,-0.71778,0.96223,0.52250
32,2,0.06776,1803.88766,0.25715,1299.98279,0.20255,358.88766,3396.04349,3.11106,4.09272,0.00091,2.64315,-0.69885,0.96744,0.44750
33,2,0.05405,369.87010,0.41520,320.18838,0.11536,386.42402,910.88342,3.24262,4.25775,0.00075,2.79190,-0.74652,0.99622,0.49750
34,2,0.05691,210.42688,0.36865,144.00526,0.23190,175.14502,365.59417,3.13099,4.20383,0.00194,2.54130,-0.66329,0.98947,0.65250
35,2,0.05388,214.28268,0.40593,189.38754,0.17066,132.05310,543.26747,3.23395,4.27573,0.00197,2.68760,-0.74139,0.99569,0.62500
36,2,0.05361,350.09722,0.40359,264.97346,0.13672,270.49592,709.79661,3.24090,4.27491,0.00103,2.79433,-0.75678,0.99668,0.62750
37,2,0.05270,473.13235,0.36725,331.67372,0.10437,296.92729,853.56252,3.22810,4.28940,0.00085,2.90740,-0.76085,0.99699,0.47500
38,2,0.05099,138.15686,0.25482,97.96840,0.13042,286.21650,253.71675,3.22129,4.32842,0.00093,2.83283,-0.74877,0.99670,0.63750
39,2,0.05308,372.33415,0.34339,289.73269,0.11260,350.65605,786.59661,3.21796,4.28880,0.00074,2.91363,-0.75946,0.99687,0.38250
40,2,0.05175,317.35989,0.35374,265.57598,0.10250,330.43668,744.94402,3.25223,4.31086,0.00068,3.03934,-0.78325,0.99753,0.42750
41,2,0.05669,333.40114,0.43500,259.45449,0.16088,268.23448,704.41683,3.20003,4.22036,0.00111,2.74029,-0.72123,0.98958,0.46000
42,2,0.05664,190.04984,0.29882,155.33804,0.19381,196.58660,431.30233,3.06981,4.23079,0.00155,2.64852,-0.71857,0.99334,0.64250
43,2,0.05901,977.77533,0.27928,638.11593,0.16664,336.33578,1574.68839,3.16448,4.20218,0.00073,2.91456,-0.71092,0.98961,0.56250
44,2,0.05579,1124.43342,0.31073,859.05200,0.13686,347.20629,2311.77457,3.19134,4.23976,0.00074,2.93525,-0.72365,0.99455,0.51250
45,2,0.05491,480.15891,0.35024,380.01639,0.14040,240.94567,1039.90667,3.16014,4.24588,0.00110,2.77565,-0.73310,0.99492,0.52250
46,2,0.05122,521.74183,0.37526,364.11435,0.08973,172.79902,934.71557,3.29329,4.32965,0.00116,3.00252,-0.78640,0.99753,0.65750
47,2,0.05491,779.91830,0.29400,538.74810,0.13578,403.08415,1375.07410,3.17222,4.24926,0.00067,2.85066,-0.75104,0.99106,0.55750
48,2,0.05136,358.18546,0.45526,329.16651,0.08759,384.43627,958.48057,3.27734,4.31699,0.00060,3.02188,-0.78649,0.99779,0.62750
49,2,0.05084,506.31005,0.39021,385.75444,0.09813,246.67361,1036.70771,3.26203,4.33210,0.00095,2.97613,-0.79494,0.99821,0.58500
50,2,0.05840,75.13154,0.41561,62.71398,0.17846,199.67484,175.72438,3.14670,4.19340,0.00155,2.62811,-0.67230,0.98578,0.60750
51,2,0.05877,610.96855,0.26428,516.27400,0.17783,385.77002,1454.12744,3.13106,4.17686,0.00077,2.76013,-0.67958,0.98686,0.40250
52,2,0.05342,648.62132,0.25071,481.02080,0.12802,348.62051,1275.46188,3.15468,4.27900,0.00085,2.84378,-0.70668,0.99294,0.47000
53,2,0.04972,382.78391,0.40866,331.01259,0.07352,359.05760,941.26644,3.31198,4.35416,0.00062,3.04627,-0.82297,0.99875,0.52250
54,2,0.05045,814.25123,0.40934,706.78227,0.08227,311.84028,2012.87785,3.29604,4.33485,0.00064,3.08305,-0.81007,0.99850,0.54250
55,2,0.05388,188.05515,0.42684,138.99511,0.15755,262.01838,367.92528,3.19421,4.27655,0.00117,2.67661,-0.74734,0.99632,0.45250
56,2,0.05301,733.05596,0.28062,587.81538,0.12489,298.18096,1618.20555,3.16274,4.28104,0.00096,2.85583,-0.73054,0.99470,0.44250
57,2,0.05836,108.76144,0.43938,114.28116,0.22327,240.48448,348.36322,3.09570,4.17431,0.00157,2.42595,-0.65743,0.98267,0.60000
58,2,0.05538,322.63725,0.42442,295.51753,0.16866,160.89951,859.43285,3.22158,4.24060,0.00173,2.66499,-0.69084,0.99217,0.48000
59,2,0.05889,1006.37868,0.38070,678.01841,0.17232,341.77410,1705.69498,3.20005,4.19596,0.00091,2.79622,-0.69544,0.98860,0.46250
60,2,0.05094,401.37418,0.37278,286.45333,0.08214,336.52042,744.43916,3.28531,4.32761,0.00076,2.92539,-0.77295,0.99734,0.43000
61,2,0.05578,807.63930,0.35498,648.51644,0.18136,332.57475,1786.42646,3.16917,4.22385,0.00101,2.65287,-0.71245,0.99238,0.44250
62,2,0.05257,589.09518,0.22944,412.01205,0.11104,329.36887,1058.95301,3.24427,4.29329,0.00060,3.11452,-0.76029,0.99569,0.50250
63,2,0.05304,1035.79126,0.16331,663.61977,0.11561,230.30025,1618.68781,3.19789,4.27940,0.00094,2.94747,-0.73636,0.99388,0.53250
64,2,0.05251,1328.23448,0.42580,997.68924,0.09467,322.61765,2662.52247,3.29369,4.30228,0.00075,2.97210,-0.77428,0.99690,0.41750
65,2,0.06121,102.49551,0.26011,74.31414,0.23243,168.37132,194.76104,2.97717,4.13290,0.00206,2.52463,-0.66103,0.98651,0.65750
66,2,0.05131,878.24346,0.10909,634.15231,0.09191,420.11601,1658.36576,3.27990,4.32025,0.00047,3.14773,-0.77735,0.99722,0.52750
67,2,0.05456,903.97059,0.27120,656.86841,0.14399,283.46078,1723.50306,3.14865,4.25530,0.00093,2.90525,-0.75661,0.99547,0.41000
68,2,0.05131,880.15441,0.35447,652.26599,0.10038,315.43464,1728.90956,3.28676,4.32025,0.00076,2.95061,-0.78018,0.99726,0.39000
69,2,0.05383,801.42892,0.35575,648.39861,0.12570,302.56127,1792.16553,3.20370,4.27521,0.00075,2.92655,-0.77329,0.99715,0.56000
70,2,0.05236,727.43260,0.39944,615.71147,0.12159,335.90564,1735.41327,3.18104,4.29901,0.00089,2.81827,-0.76804,0.99687,0.38750
71,2,0.05240,1381.36479,0.29876,914.03958,0.12300,244.88930,2274.79352,3.22934,4.29574,0.00104,2.88797,-0.75637,0.99477,0.48500
72,2,0.05022,1503.84069,0.39674,1357.50632,0.08049,300.52042,3926.18460,3.28828,4.34425,0.00066,3.08349,-0.82111,0.99867,0.50000
73,2,0.05431,109.17933,0.38941,89.60844,0.16161,272.29208,249.25444,3.18727,4.26633,0.00102,2.81245,-0.73871,0.99509,0.61000
74,2,0.05226,236.67075,0.11077,132.60439,0.08695,272.88235,293.74682,3.19270,4.30351,0.00084,2.95820,-0.74766,0.99628,0.50750
75,2,0.05027,892.16054,0.29887,652.06915,0.08795,305.03145,1716.11607,3.24620,4.34150,0.00073,3.02701,-0.79812,0.99809,0.45000
76,2,0.05252,174.35417,0.41268,158.44250,0.10953,269.24224,459.41582,3.21514,4.29452,0.00099,2.89208,-0.78412,0.99782,0.61500
77,2,0.05260,294.10172,0.30775,215.82530,0.13139,376.86234,569.19949,3.21626,4.29860,0.00073,2.86729,-0.73315,0.99551,0.40250
78,2,0.04990,2218.99877,0.33767,1525.55704,0.07683,225.99551,3883.22940,3.30114,4.34803,0.00093,3.01588,-0.79515,0.99810,0.61750
79,2,0.05807,651.77492,0.22607,498.32566,0.17801,205.97672,1341.52772,3.11596,4.19420,0.00116,2.79880,-0.70219,0.98992,0.55000
80,2,0.05734,139.73407,0.31401,145.92530,0.18002,174.67770,443.96713,3.06026,4.21382,0.00165,2.65763,-0.69886,0.99143,0.58500
81,2,0.05362,917.24673,0.40393,531.10355,0.11724,244.16095,1207.16748,3.17264,4.27173,0.00123,2.75514,-0.76238,0.99655,0.49750
82,2,0.05227,583.01838,0.34743,465.40154,0.11966,340.52655,1278.58779,3.18929,4.30024,0.00081,2.87432,-0.75096,0.99527,0.55750
83,2,0.05004,651.21160,0.24579,471.03913,0.05802,352.07843,1232.94492,3.25395,4.34803,0.00066,2.99811,-0.81724,0.99864,0.44250
84,2,0.04907,441.80882,0.48759,446.15438,0.05228,358.35376,1342.80869,3.32516,4.36641,0.00065,2.95465,-0.83132,0.99891,0.49750
85,2,0.05899,123.97835,0.26903,96.96545,0.17457,228.22345,263.88345,3.10605,4.17309,0.00135,2.66704,-0.69241,0.99138,0.57750
86,2,0.05390,197.21895,0.41733,217.90185,0.11237,397.64706,674.38844,3.21463,4.27530,0.00067,2.86728,-0.73955,0.99556,0.50500
87,2,0.05113,389.03717,0.31693,325.38761,0.11578,427.87296,912.51326,3.20833,4.32352,0.00056,2.98456,-0.78072,0.99780,0.47750
88,2,0.06042,149.58007,0.32760,119.83005,0.16355,344.96732,329.74013,3.10483,4.16173,0.00094,2.70525,-0.70111,0.98771,0.57750
89,2,0.05404,450.70057,0.18414,402.20173,0.11524,273.16708,1158.10633,3.18204,4.26633,0.00091,2.91799,-0.71999,0.99417,0.53750
90,2,0.05498,1977.35539,0.28200,1346.57390,0.11141,286.62500,3408.94022,3.20951,4.25466,0.00076,3.03564,-0.76817,0.99573,0.49750
91,2,0.05922,227.68015,0.30200,179.10592,0.12422,172.61887,488.74354,3.13943,4.18308,0.00149,2.83032,-0.73744,0.99319,0.64250
92,2,0.05249,486.34804,0.44233,398.01096,0.14198,286.64706,1105.69578,3.24161,4.30228,0.00115,2.67877,-0.74029,0.99525,0.41750
93,2,0.05113,273.65564,0.39007,244.52336,0.09943,369.04371,704.43781,3.26960,4.32352,0.00065,2.98339,-0.77462,0.99732,0.44750
94,2,0.05105,431.04412,0.21393,271.50330,0.09597,336.26961,654.96909,3.28153,4.32720,0.00065,3.06419,-0.77551,0.99757,0.42750
95,2,0.05625,102.58824,0.27637,79.41050,0.17382,186.29575,215.05376,3.09809,4.22129,0.00155,2.67770,-0.70321,0.99271,0.58500
96,2,0.06102,110.55351,0.33638,110.62709,0.21852,208.74060,331.95483,3.09379,4.14816,0.00157,2.58036,-0.63985,0.98303,0.53750
97,2,0.05096,912.26266,0.34793,697.03624,0.12258,354.88685,1875.88230,3.20463,4.32597,0.00082,2.77515,-0.78054,0.99769,0.48000
98,2,0.05709,90.21732,0.29125,67.06430,0.21096,194.76471,178.03987,3.14249,4.21241,0.00163,2.57099,-0.67400,0.98369,0.55000
99,2,0.05822,44.01797,0.33316,40.44368,0.21049,198.97141,117.75676,3.03914,4.17074,0.00170,2.55228,-0.66957,0.99058,0.50250
100,2,0.05188,576.79739,0.25440,435.52340,0.08558,337.87092,1165.29623,3.19524,4.30596,0.00066,3.05454,-0.76014,0.99658,0.41000
101,2,0.05402,201.71283,0.34201,157.02553,0.13902,288.25204,426.38929,3.20063,4.28349,0.00086,2.90952,-0.74917,0.99533,0.55750
102,2,0.05261,294.05964,0.30993,256.51603,0.10454,314.53105,732.00449,3.22013,4.29288,0.00080,2.90846,-0.74535,0.99630,0.44000
103,2,0.05209,912.72100,0.34292,789.39685,0.14497,303.60907,2244.86641,3.23607,4.30310,0.00081,2.97536,-0.75133,0.99657,0.40500
104,2,0.06148,486.30596,0.25004,392.28669,0.15716,274.33538,1082.84081,3.18633,4.18960,0.00088,2.97018,-0.72534,0.98941,0.44000
105,2,0.05495,92.25368,0.44602,89.22678,0.15251,313.06413,264.65345,3.18787,4.24343,0.00106,2.62751,-0.71933,0.99297,0.54750
106,2,0.05270,172.21814,0.44431,130.88451,0.16533,305.61601,351.31992,3.18348,4.29245,0.00121,2.49189,-0.73618,0.99612,0.57000
107,2,0.05373,342.13358,0.35257,279.75226,0.15095,212.61479,776.87547,3.15827,4.26388,0.00131,2.75256,-0.71683,0.99422,0.56250
108,2,0.05150,1633.89011,0.31430,1333.57379,0.06502,238.42361,3700.40504,3.28676,4.32107,0.00062,3.18961,-0.79061,0.99779,0.61250
109,2,0.05355,899.65645,0.31125,671.90274,0.12890,335.32475,1787.95449,3.22739,4.27663,0.00071,3.00446,-0.75856,0.99573,0.40500
110,2,0.05177,538.57557,0.16182,348.03934,0.10546,403.76185,853.58178,3.27826,4.30922,0.00056,2.99748,-0.79714,0.99820,0.46250
111,2,0.05693,515.07230,0.32640,345.39268,0.12619,398.57966,866.49842,3.20483,4.23628,0.00063,2.95751,-0.75461,0.99228,0.43000
112,2,0.05506,110.59600,0.44821,113.81890,0.19090,172.52002,344.67959,3.24364,4.25345,0.00171,2.69657,-0.70081,0.99191,0.55500
113,2,0.05109,328.12377,0.40108,297.86476,0.09980,337.06250,863.33527,3.22303,4.32393,0.00070,3.00203,-0.76773,0.99683,0.51000
114,2,0.05041,1091.30842,0.38834,804.49439,0.06657,285.73570,2126.66915,3.31372,4.34109,0.00063,3.08314,-0.80593,0.99827,0.49000
115,2,0.05376,193.23938,0.42270,186.40135,0.11950,260.98775,552.36601,3.22249,4.27276,0.00090,2.92304,-0.73749,0.99546,0.46500
116,2,0.05359,454.99469,0.30032,382.34351,0.14818,404.04616,1074.37935,3.13077,4.27655,0.00070,2.83437,-0.73737,0.99353,0.58000
117,2,0.05118,335.14175,0.45718,333.93010,0.09596,344.39257,1000.57865,3.19887,4.32025,0.00082,2.77490,-0.76627,0.99646,0.49250
118,2,0.05762,517.97141,0.19179,307.15816,0.16466,259.35458,710.66124,3.07314,4.19392,0.00113,2.75560,-0.67905,0.98817,0.59250
119,2,0.05104,588.80596,0.41530,519.83677,0.11898,363.00613,1490.54111,3.20913,4.32516,0.00078,2.81658,-0.78018,0.99720,0.45500
120,2,0.05205,608.25531,0.37148,480.83202,0.07939,344.06904,1315.07277,3.28389,4.30637,0.00081,2.84086,-0.79104,0.99745,0.46750
121,2,0.05137,441.85090,0.25245,335.13726,0.10328,374.68260,898.69813,3.24037,4.31617,0.00066,2.96042,-0.75339,0.99688,0.57750
122,2,0.05338,660.10989,0.28028,554.85585,0.14838,336.39338,1559.31351,3.14223,4.28145,0.00085,2.79925,-0.70534,0.99170,0.57750
123,2,0.05177,654.86356,0.31186,461.89652,0.09365,333.25980,1192.72252,3.25713,4.31413,0.00067,2.99657,-0.77197,0.99677,0.46750
124,2,0.08047,996.85580,0.33283,726.79684,0.23222,420.73489,1910.33157,3.03691,3.96024,0.00074,2.74921,-0.66289,0.94560,0.46750
125,2,0.05246,245.74796,0.42853,222.33995,0.10501,289.82639,643.61185,3.27369,4.30146,0.00088,2.89487,-0.75964,0.99683,0.48750
126,2,0.05064,691.69240,0.21950,482.03153,0.06896,404.73734,1236.43372,3.29389,4.33700,0.00053,3.06570,-0.80833,0.99837,0.49500
127,2,0.05330,352.46201,0.34341,282.62267,0.12914,240.36724,778.02867,3.23670,4.27889,0.00102,2.86859,-0.72911,0.99457,0.51250
128,2,0.05077,639.33415,0.22677,520.63035,0.08949,221.43627,1443.18725,3.25887,4.32720,0.00098,3.01793,-0.75621,0.99644,0.53000
129,2,0.05654,128.23162,0.17959,80.91521,0.14751,373.23979,195.42921,3.14608,4.23200,0.00074,2.85226,-0.73532,0.99262,0.48500
130,2,0.05289,943.69322,0.38425,762.92445,0.12304,290.92933,2108.00460,3.24406,4.29493,0.00097,2.88667,-0.78321,0.99712,0.55250
131,2,0.06051,426.51879,0.28949,351.41660,0.11387,202.46732,979.14763,3.16546,4.19056,0.00125,2.90419,-0.74030,0.99248,0.57250
132,2,0.05285,620.15727,0.30333,506.60911,0.12494,309.06740,1406.27917,3.18193,4.28553,0.00088,2.86625,-0.76037,0.99706,0.39250
133,2,0.05228,244.69322,0.35249,179.19521,0.13996,373.83374,472.08761,3.14979,4.29493,0.00077,2.75999,-0.76159,0.99676,0.50000
134,2,0.05147,1425.00041,0.34300,1332.24979,0.09930,212.42770,3903.99874,3.22678,4.31524,0.00106,2.96270,-0.77249,0.99588,0.52750
135,2,0.05102,496.42443,0.38532,415.35572,0.09805,323.67116,1164.99845,3.25795,4.32189,0.00083,2.82113,-0.76418,0.99649,0.50000
136,2,0.05125,602.32884,0.36564,432.28349,0.08611,318.77410,1126.80514,3.29348,4.32230,0.00066,3.04136,-0.79491,0.99811,0.50000
137,2,0.05391,189.22835,0.40079,162.06324,0.13557,362.49224,459.02461,3.23894,4.27042,0.00070,2.92241,-0.75027,0.99421,0.46750
138,2,0.05777,667.90931,0.10469,379.43665,0.12937,375.59232,849.83730,3.15699,4.21962,0.00069,2.90223,-0.70399,0.98865,0.48000
139,2,0.04998,695.06699,0.48682,498.54007,0.07838,326.92565,1299.09327,3.30310,4.34721,0.00070,2.98180,-0.79632,0.99830,0.48500
140,2,0.05426,405.63276,0.29098,286.84810,0.13092,235.87132,741.75963,3.17651,4.26266,0.00127,2.67980,-0.72813,0.99430,0.64250
141,2,0.05633,76.48775,0.43477,54.02769,0.19285,305.50572,139.62303,3.07518,4.22252,0.00120,2.52300,-0.69836,0.99334,0.56000
142,2,0.05169,407.30801,0.37276,359.70364,0.11470,315.27696,1031.50654,3.24427,4.32148,0.00089,2.88704,-0.78197,0.99726,0.44750
143,2,0.05562,79.33783,0.34447,64.90594,0.16249,349.69567,180.28594,3.15445,4.23038,0.00088,2.70320,-0.69632,0.99124,0.41250
144,2,0.05069,623.82516,0.45919,570.89801,0.08032,297.44444,1659.76688,3.33649,4.33578,0.00063,3.06937,-0.80591,0.99826,0.40500
145,2,0.05388,819.69771,0.32790,776.29186,0.12839,322.07516,2285.46973,3.24417,4.26266,0.00067,3.01616,-0.74241,0.99609,0.46000
146,2,0.05437,310.36438,0.41796,274.33767,0.14343,398.60049,786.98632,3.23079,4.26592,0.00063,2.95061,-0.74810,0.99599,0.47000
147,2,0.05158,2396.62827,0.31333,1827.29723,0.09732,346.48775,4912.56064,3.27837,4.31331,0.00057,3.13688,-0.78303,0.99549,0.53500
148,2,0.06237,413.16136,0.18721,312.63194,0.23169,184.16789,837.36639,2.86942,4.09901,0.00213,2.42213,-0.60810,0.97257,0.56250
149,2,0.05189,579.54208,0.32926,409.71322,0.11295,329.99060,1059.31081,3.26285,4.30800,0.00075,2.92006,-0.78330,0.99727,0.45750
150,2,0.05108,1124.21446,0.22310,854.28952,0.06714,245.06658,2292.94362,3.25653,4.32679,0.00079,3.08331,-0.77801,0.99712,0.50750
151,2,0.05520,953.75940,0.38968,815.86658,0.13868,223.01266,2309.70691,3.19777,4.24068,0.00125,2.80354,-0.72955,0.99456,0.52000
152,2,0.05356,973.67606,0.37099,708.96939,0.10274,370.24714,1862.20149,3.24181,4.28021,0.00068,2.90324,-0.75960,0.99532,0.41250
153,2,0.05604,187.73489,0.20023,139.43744,0.17661,133.36724,370.01488,3.12260,4.22221,0.00187,2.76035,-0.69977,0.99223,0.63000
154,2,0.05439,538.34722,0.34168,377.22763,0.09906,239.75572,970.56329,3.22140,4.26552,0.00104,2.86398,-0.75433,0.99640,0.54000
155,2,0.05580,521.56985,0.35236,366.31538,0.16188,245.99959,943.69166,3.17766,4.23651,0.00107,2.78757,-0.72589,0.99455,0.48250
156,2,0.04918,1150.21773,0.41758,1016.27432,0.05345,369.45629,2914.87955,3.34150,4.36601,0.00054,3.09296,-0.83822,0.99903,0.53000
157,2,0.04939,394.15319,0.35302,295.64452,0.07483,218.40891,788.42489,3.25315,4.36029,0.00092,3.07864,-0.80391,0.99839,0.51250
158,2,0.05581,820.49959,0.30177,607.54111,0.15917,390.40074,1609.66484,3.24548,4.24354,0.00061,2.97179,-0.72645,0.99480,0.44250
159,2,0.05255,155.66953,0.51574,152.34278,0.10454,286.77083,453.70158,3.21688,4.29697,0.00105,2.69902,-0.77814,0.99749,0.51750
160,2,0.06059,231.51471,0.34393,228.38661,0.21556,214.95180,682.03173,3.05177,4.14869,0.00142,2.64671,-0.66391,0.98555,0.61750
161,2,0.05458,135.90727,0.31214,130.55586,0.16577,395.63521,386.31617,3.15662,4.25653,0.00070,2.82615,-0.69027,0.99118,0.53250
162,2,0.05233,113.11315,0.42522,95.92986,0.12454,396.18587,270.60629,3.22047,4.30217,0.00071,2.82134,-0.74497,0.99667,0.44250
163,2,0.05089,4923.80351,0.20647,3491.86987,0.06849,318.16871,9043.67596,3.21975,4.32883,0.00056,3.11417,-0.78974,0.99771,0.46750
164,2,0.05211,73.84681,0.40564,62.10096,0.12917,275.74387,174.55702,3.25805,4.30228,0.00102,2.79608,-0.76322,0.99705,0.38250
165,2,0.05385,226.35784,0.37168,178.53486,0.12465,295.07843,487.78161,3.17703,4.27246,0.00086,2.93224,-0.76458,0.99668,0.48500
166,2,0.05123,187.17606,0.28183,135.27689,0.11562,377.32475,353.93150,3.23863,4.32107,0.00075,2.81949,-0.75672,0.99652,0.63000
167,2,0.05842,521.82435,0.35553,340.50709,0.18870,206.52859,840.20400,3.12024,4.20147,0.00157,2.57170,-0.68133,0.98887,0.53250
168,2,0.05608,157.42688,0.33330,106.75456,0.19231,274.27900,269.59138,3.18930,4.22426,0.00120,2.63674,-0.69567,0.99229,0.57750
169,2,0.09441,4547.63807,0.19422,3103.59269,0.24119,264.63399,7866.73268,2.96565,3.90697,0.00102,2.74680,-0.66711,0.94901,0.39750
170,2,0.05136,619.71936,0.10600,390.63587,0.09231,265.01348,942.82411,3.23240,4.31903,0.00072,3.06376,-0.77580,0.99741,0.57500
171,2,0.05248,197.38562,0.27443,134.44048,0.12833,319.36928,340.37629,3.20768,4.29983,0.00075,2.96304,-0.75980,0.99666,0.48500
172,2,0.05294,78.09559,0.43078,68.84897,0.13830,275.97876,197.30029,3.17665,4.28390,0.00108,2.73072,-0.76196,0.99652,0.36750
173,2,0.05758,223.17484,0.29630,167.21669,0.15458,162.40359,445.69193,3.13092,4.19942,0.00147,2.82111,-0.67177,0.98468,0.67000
174,2,0.16609,233.68995,0.21629,206.95576,0.41492,477.28962,594.13309,2.46809,3.23669,0.00112,2.18299,-0.46713,0.74842,0.51250
175,2,0.05225,471.95547,0.30574,398.21089,0.11134,345.54289,1120.88808,3.27755,4.29942,0.00066,3.03659,-0.74880,0.99572,0.50000
176,2,0.05208,217.25082,0.41641,217.71091,0.10424,282.89951,653.59282,3.26051,4.30677,0.00087,2.90172,-0.75579,0.99610,0.54000
177,2,0.05190,580.90972,0.32823,439.19352,0.10995,206.73570,1175.86437,3.20318,4.30718,0.00117,2.91833,-0.76448,0.99654,0.62250
178,2,0.05486,555.39175,0.28070,429.01856,0.16394,223.57312,1160.68247,3.18990,4.25081,0.00126,2.73033,-0.72501,0.99349,0.60750
179,2,0.05602,187.29534,0.40898,157.15306,0.14475,316.40074,441.31689,3.19185,4.24008,0.00089,2.79844,-0.72759,0.99305,0.52250
0,3,0.05393,104.13317,0.25526,84.04699,0.15796,313.41667,232.05481,3.13746,4.26878,0.00094,2.75060,-0.73096,0.99265,0.51000
1,3,0.06158,130.96855,0.38703,127.31300,0.22579,245.76103,378.28344,3.04784,4.13387,0.00135,2.59298,-0.66489,0.98665,0.47750
2,3,0.05347,3428.66136,0.03462,1699.81796,0.11748,143.08619,3370.61046,3.24487,4.28175,0.00114,2.97021,-0.76384,0.99597,0.32250
3,3,0.05602,23.72100,0.23426,17.22525,0.21347,158.55270,45.18000,2.98115,4.22445,0.00234,2.37638,-0.69317,0.99163,0.53750
4,3,0.06259,139.58538,0.25671,97.64120,0.22194,208.12051,250.97943,3.05974,4.12945,0.00163,2.58643,-0.65606,0.96258,0.50750
5,3,0.05852,42.85049,0.29787,37.52193,0.20481,257.45016,107.23725,3.06814,4.17818,0.00128,2.62027,-0.65036,0.98452,0.56500
6,3,0.05300,372.15400,0.41013,333.71662,0.10891,299.21364,962.71248,3.23649,4.28676,0.00081,2.94047,-0.76137,0.99700,0.46250
7,3,0.06319,37.35580,0.40096,34.55603,0.22797,191.18505,100.86834,3.04872,4.11261,0.00194,2.48078,-0.66821,0.98341,0.49500
8,3,0.05219,995.58292,0.22884,673.81481,0.10146,297.96364,1699.67630,3.26633,4.30351,0.00073,3.04349,-0.76055,0.99696,0.44000
9,3,0.05461,137.83415,0.40005,109.99710,0.14911,265.85621,302.15425,3.17717,4.26061,0.00124,2.55714,-0.72472,0.99488,0.53000
10,3,0.05689,66.43505,0.37373,56.12947,0.16348,234.02982,158.08282,3.18921,4.20852,0.00126,2.72128,-0.71082,0.99428,0.53250
11,3,0.05424,35.46324,0.37409,31.91830,0.17764,262.22386,92.20997,3.19626,4.26633,0.00130,2.56303,-0.71204,0.99481,0.57750
12,3,0.05749,41.93219,0.35133,36.38874,0.18898,239.99346,103.62275,3.03321,4.20607,0.00151,2.50926,-0.71517,0.99219,0.52250
13,3,0.05260,884.85580,0.36920,571.23242,0.11658,253.40727,1400.07388,3.26343,4.29860,0.00091,2.88969,-0.77238,0.99685,0.44750
14,3,0.05113,102.53309,0.39592,91.32209,0.13087,222.25368,262.75528,3.18698,4.32352,0.00137,2.82415,-0.76664,0.99746,0.46250
15,3,0.05202,797.21242,0.22923,582.20412,0.13438,254.01225,1531.60405,3.18306,4.30882,0.00097,2.86059,-0.75750,0.99670,0.48500
16,3,0.05385,48.02533,0.31402,36.74918,0.16845,247.19771,98.97141,3.08397,4.26918,0.00140,2.54133,-0.72834,0.99547,0.50500
17,3,0.05841,1088.24224,0.31635,863.90353,0.16095,196.88113,2367.37188,3.17050,4.19207,0.00134,2.81233,-0.73491,0.98998,0.46750
18,3,0.05421,276.93178,0.45138,264.04241,0.13729,271.36887,779.23787,3.18224,4.26388,0.00123,2.71007,-0.74704,0.99488,0.52500
19,3,0.05447,148.06250,0.42759,117.82513,0.15575,217.26757,323.23803,3.22026,4.25489,0.00137,2.70069,-0.72250,0.99418,0.46750
20,3,0.05520,81.59109,0.41325,75.89087,0.16774,265.68096,221.97239,3.17828,4.24591,0.00101,2.82416,-0.71608,0.99378,0.46500
21,3,0.05335,57.62214,0.44803,56.98994,0.16307,181.24142,170.33761,3.12166,4.27859,0.00176,2.58534,-0.75037,0.99589,0.45250
22,3,0.05364,43.14542,0.45300,44.86112,0.15705,240.29085,136.29904,3.16367,4.27735,0.00140,2.56079,-0.74796,0.99627,0.52000
23,3,0.05288,669.43219,0.06365,360.74471,0.08943,315.47222,773.54666,3.18378,4.29084,0.00069,3.01807,-0.76803,0.99686,0.49250
24,3,0.06382,49.38685,0.34301,42.22601,0.24283,347.06658,119.51719,3.00133,4.08756,0.00115,2.38177,-0.62108,0.97496,0.39500
25,3,0.05215,251.54330,0.33975,205.84206,0.10251,378.84232,571.82494,3.24978,4.30882,0.00061,3.00380,-0.75055,0.99629,0.48750
26,3,0.06813,77.50531,0.23073,55.98244,0.23804,348.66462,146.42444,2.98200,4.02674,0.00107,2.55277,-0.59780,0.96636,0.56250
27,3,0.06213,495.16381,0.40954,401.45539,0.17483,171.99877,1110.65776,3.10554,4.13998,0.00156,2.71702,-0.70973,0.98719,0.49000
28,3,0.05817,144.71283,0.40935,128.16080,0.15944,304.01430,367.93039,3.17347,4.21219,0.00110,2.67085,-0.72456,0.98614,0.48250
29,3,0.06288,99.57271,0.19772,68.82904,0.16773,226.27451,175.74344,3.07736,4.13957,0.00126,2.74353,-0.69289,0.98139,0.54750
30,3,0.06117,15.18668,0.46502,15.40312,0.29241,272.50041,46.42580,3.04095,4.12314,0.00173,2.18605,-0.62622,0.98461,0.52000
31,3,0.05327,203.77288,0.34523,170.79433,0.13673,362.76797,479.40446,3.17848,4.27848,0.00073,2.86950,-0.74243,0.99605,0.50250
32,3,0.06305,28.13766,0.23133,20.13744,0.23167,286.21119,52.41212,2.95817,4.11607,0.00146,2.38136,-0.65086,0.98215,0.50000
33,3,0.05131,566.87908,0.32471,415.61819,0.09959,267.79820,1095.59368,3.26519,4.32352,0.00083,3.01971,-0.77947,0.99757,0.43250
34,3,0.05725,336.67688,0.35119,324.87760,0.18728,358.91708,962.83350,3.15844,4.20648,0.00081,2.82678,-0.68421,0.98947,0.33750
35,3,0.06022,26.39828,0.37166,21.55642,0.22054,221.13848,59.82740,3.06261,4.14591,0.00156,2.53958,-0.64322,0.98891,0.52500
36,3,0.05200,208.79371,0.42176,189.78376,0.12972,355.61969,550.34133,3.25876,4.30473,0.00074,2.90754,-0.76913,0.99710,0.47500
37,3,0.05257,204.65441,0.24650,153.94734,0.13801,342.33252,411.13494,3.20279,4.29329,0.00081,2.82019,-0.72385,0.99420,0.55750
38,3,0.05280,270.50490,0.40747,272.59793,0.11197,438.43464,819.88680,3.20401,4.29820,0.00062,2.85618,-0.77360,0.99607,0.45000
39,3,0.06562,22.87377,0.36747,21.67188,0.30071,321.91136,63.81374,2.95789,4.03611,0.00144,2.22434,-0.61852,0.98142,0.48000
40,3,0.05487,235.87908,0.23205,191.71990,0.17454,251.48039,531.00050,3.12923,4.24754,0.00117,2.72310,-0.67201,0.99111,0.61750
41,3,0.05609,375.39093,0.38099,347.89387,0.12623,364.89828,1016.18454,3.16385,4.22783,0.00085,2.71821,-0.71935,0.99358,0.48250
42,3,0.05385,133.22141,0.42219,120.49432,0.10503,266.81536,348.75588,3.21205,4.27654,0.00120,2.71535,-0.74504,0.99560,0.46750
43,3,0.05567,706.78799,0.21569,454.57591,0.15217,370.79534,1111.51565,3.06943,4.23896,0.00076,2.82497,-0.71946,0.99165,0.49500
44,3,0.05591,169.22508,0.25167,124.92684,0.15987,309.93832,330.48226,3.16325,4.21976,0.00089,2.84255,-0.70311,0.99340,0.59750
45,3,0.05543,749.58619,0.36565,523.92218,0.14969,261.57884,1346.10252,3.22300,4.25029,0.00094,2.88595,-0.73998,0.99483,0.54250
46,3,0.05442,132.85498,0.43891,141.48779,0.16181,291.20302,433.09619,3.19310,4.25326,0.00112,2.63244,-0.71978,0.99374,0.48750
47,3,0.05701,107.55270,0.20157,75.55085,0.20725,287.55433,194.65070,2.97278,4.20544,0.00122,2.56478,-0.65703,0.98434,0.53000
48,3,0.05603,132.08701,0.27740,104.30223,0.15073,319.34763,285.12192,3.17327,4.23006,0.00098,2.71341,-0.72860,0.99534,0.39000
49,3,0.05211,543.62173,0.33025,508.67460,0.09675,284.70016,1491.07668,3.27919,4.30228,0.00075,3.03227,-0.77855,0.99742,0.45750
50,3,0.05049,318.47508,0.38865,300.59378,0.12328,395.18587,883.90004,3.29493,4.33496,0.00071,2.81156,-0.77568,0.99756,0.59250
51,3,0.04989,236.74510,0.44427,212.51888,0.07936,287.19281,613.33043,3.26552,4.35171,0.00078,2.98969,-0.80669,0.99831,0.45250
52,3,0.05417,256.90727,0.33917,223.53670,0.13933,253.95629,637.23953,3.21492,4.26347,0.00101,2.84203,-0.72521,0.99500,0.51750
53,3,0.05359,197.67729,0.38120,173.83332,0.12023,367.63317,497.65598,3.19177,4.27859,0.00074,2.85868,-0.75139,0.99595,0.45250
54,3,0.05228,304.88848,0.35923,224.67411,0.11795,271.58211,593.80797,3.20575,4.29983,0.00093,2.94129,-0.75216,0.99658,0.52000
55,3,0.07441,46.62827,0.27798,43.61386,0.26592,236.60784,127.82718,2.87872,3.94685,0.00202,2.31685,-0.58398,0.95664,0.51500
56,3,0.06068,435.82108,0.29123,401.52669,0.18242,361.36111,1170.28570,3.09684,4.15456,0.00092,2.71419,-0.69272,0.99071,0.36000
57,3,0.05115,373.58987,0.38143,323.02251,0.09132,233.54085,918.50018,3.29369,4.32475,0.00083,3.03124,-0.78818,0.99756,0.45250
58,3,0.05467,274.86601,0.29888,205.30341,0.16251,253.68219,546.34763,3.17598,4.26100,0.00118,2.69767,-0.73470,0.99451,0.54750
59,3,0.05145,286.12827,0.27757,235.08269,0.09205,324.87663,654.20248,3.26826,4.32679,0.00068,3.02606,-0.77386,0.99700,0.48250
60,3,0.05187,336.18832,0.24499,199.18477,0.09481,293.89175,460.55078,3.20606,4.30677,0.00081,2.98158,-0.74243,0.99586,0.48000
61,3,0.07018,38.43423,0.35287,34.20476,0.23690,309.33946,98.38482,3.03577,4.04641,0.00112,2.56044,-0.59889,0.97384,0.44750
62,3,0.05049,462.77819,0.39874,407.49582,0.08545,257.68505,1167.20508,3.27204,4.33496,0.00091,2.97093,-0.79244,0.99814,0.54500
63,3,0.05496,493.52900,0.35076,306.81732,0.14370,321.76348,733.74028,3.22955,4.25367,0.00096,2.69341,-0.74911,0.99607,0.52500
64,3,0.05076,434.47018,0.38368,374.72445,0.08053,354.60743,1064.42764,3.24507,4.33088,0.00061,3.00992,-0.79202,0.99808,0.45750
65,3,0.05537,41.22998,0.39238,35.77831,0.19516,297.75694,101.88327,3.12690,4.23651,0.00111,2.61098,-0.71098,0.99469,0.51750
66,3,0.05448,178.72549,0.42798,160.15026,0.15119,266.04167,461.87554,3.20177,4.25612,0.00110,2.73084,-0.74844,0.99550,0.51500
67,3,0.05412,122.58088,0.26850,88.94753,0.15074,298.85784,233.20922,3.19555,4.26021,0.00090,2.84121,-0.70356,0.99387,0.43000
68,3,0.05497,217.91176,0.29112,156.39047,0.18533,154.07516,407.65010,3.14855,4.23855,0.00163,2.83175,-0.70403,0.99346,0.49250
69,3,0.05429,245.11275,0.26668,200.63179,0.15705,219.56209,557.41442,3.12564,4.26377,0.00120,2.81934,-0.72629,0.99455,0.46000
70,3,0.05802,519.12541,0.26232,386.44823,0.13631,373.06332,1026.66750,3.18553,4.21301,0.00067,2.91639,-0.71088,0.98957,0.49250
71,3,0.06763,85.61193,0.25780,74.39225,0.23773,204.32680,211.95706,2.99349,4.02078,0.00174,2.49891,-0.58984,0.97480,0.50000
72,3,0.05853,212.07843,0.29944,168.07812,0.18132,164.09477,460.23405,3.12402,4.17807,0.00153,2.76990,-0.67671,0.98895,0.63500
73,3,0.05361,553.50163,0.24348,307.05243,0.11523,273.87418,674.70808,3.24509,4.27981,0.00098,2.80204,-0.75147,0.99514,0.49250
74,3,0.05638,37.76103,0.33689,32.29022,0.19644,141.35662,91.39984,3.15121,4.22170,0.00210,2.60804,-0.68478,0.99241,0.50000
75,3,0.05670,226.66871,0.41588,200.80208,0.16204,253.86234,576.53961,3.20237,4.23037,0.00107,2.79019,-0.72543,0.99329,0.48250
76,3,0.05428,192.93015,0.26033,119.02329,0.15565,297.38685,283.16302,3.20951,4.26797,0.00095,2.78192,-0.74570,0.99547,0.54000
77,3,0.05333,93.83946,0.42659,87.76098,0.12683,309.15809,257.20444,3.19442,4.27900,0.00096,2.69915,-0.77409,0.99744,0.39500
78,3,0.05387,295.21569,0.33248,235.17102,0.14053,274.45507,645.46841,3.15325,4.27083,0.00100,2.81029,-0.72782,0.99303,0.45750
79,3,0.05507,110.42565,0.29075,88.34254,0.17686,327.78431,242.94451,3.06156,4.23967,0.00095,2.72300,-0.71682,0.99337,0.51500
80,3,0.05498,223.52819,0.37004,204.86950,0.14970,341.70384,595.94981,3.20022,4.25449,0.00076,2.88344,-0.73151,0.99505,0.40250
81,3,0.05005,276.51471,0.30362,224.44586,0.09728,299.83987,621.26875,3.25866,4.34721,0.00102,2.67960,-0.79454,0.99780,0.50000
82,3,0.05383,648.21038,0.39203,456.81671,0.13867,201.79534,1179.05647,3.24814,4.27031,0.00138,2.75482,-0.75996,0.99600,0.44500
83,3,0.06220,19.87541,0.35193,18.62329,0.27056,191.73979,54.61775,3.01554,4.11006,0.00207,2.32879,-0.60813,0.97769,0.59750
84,3,0.05230,468.09804,0.36865,363.89982,0.11828,391.41503,987.50125,3.28349,4.30555,0.00066,2.91448,-0.78681,0.99761,0.45750
85,3,0.05512,105.15645,0.35315,95.90614,0.17732,313.84845,278.46810,3.15659,4.24283,0.00100,2.70675,-0.68052,0.98875,0.49500
86,3,0.05301,440.23325,0.27623,342.80312,0.10554,271.86070,930.97925,3.23843,4.28594,0.00085,3.00986,-0.71356,0.99253,0.41750
87,3,0.05181,303.83905,0.43062,276.10464,0.07244,273.95507,800.57952,3.25916,4.31187,0.00085,2.92060,-0.79313,0.99778,0.56000
88,3,0.05288,84.35498,0.20953,62.46834,0.14346,262.85090,165.51839,3.09419,4.29534,0.00118,2.66784,-0.71902,0.99416,0.44250
89,3,0.04962,2472.45711,0.31781,1988.76414,0.05194,307.22835,5482.59943,3.31208,4.35661,0.00048,3.21924,-0.81304,0.99858,0.53500
90,3,0.05034,334.95507,0.40197,300.98125,0.07314,309.70752,868.96993,3.27908,4.34150,0.00069,3.00888,-0.81043,0.99826,0.50500
91,3,0.05122,466.77819,0.30835,329.14628,0.08537,298.14910,849.80693,3.30299,4.32341,0.00072,3.05605,-0.79159,0.99771,0.50750
92,3,0.05492,181.25082,0.32873,126.79664,0.14642,285.92239,325.93573,3.26367,4.25163,0.00100,2.69690,-0.73555,0.99566,0.53250
93,3,0.05581,246.68913,0.31648,187.73287,0.17325,255.13603,504.24234,3.20228,4.23099,0.00109,2.77758,-0.69334,0.99095,0.54500
94,3,0.05764,203.51062,0.44142,181.14339,0.16979,229.34722,521.06293,3.16743,4.20424,0.00139,2.62066,-0.74010,0.99508,0.39250
95,3,0.05080,309.66095,0.27000,204.20030,0.08867,332.95752,507.14025,3.26797,4.33047,0.00066,3.05835,-0.79018,0.99806,0.45250
96,3,0.05087,396.46855,0.37060,360.35303,0.08230,333.80433,1044.94359,3.24101,4.32761,0.00069,3.00107,-0.80556,0.99809,0.44500
97,3,0.05927,77.66054,0.32822,77.21344,0.16083,324.01511,231.19323,3.04434,4.16573,0.00096,2.69985,-0.64447,0.98268,0.43750
98,3,0.05641,358.63072,0.24210,270.00066,0.14958,303.22467,721.37191,3.17287,4.22077,0.00085,2.88246,-0.70904,0.99344,0.53250
99,3,0.05307,977.17525,0.12288,594.59501,0.11477,368.96691,1401.20478,3.17930,4.28921,0.00059,3.08744,-0.75551,0.99585,0.55250
100,3,0.05369,97.02288,0.20018,61.94012,0.14556,324.77124,150.73761,3.14346,4.27614,0.00093,2.74299,-0.74431,0.99585,0.46000
101,3,0.06141,871.65033,0.30912,601.92365,0.19600,329.47141,1536.04428,3.12894,4.13702,0.00104,2.64487,-0.66829,0.98729,0.50250
102,3,0.05676,70.59559,0.39666,54.36743,0.20307,183.37092,146.87414,3.13068,4.21854,0.00202,2.43091,-0.71384,0.99291,0.38750
103,3,0.07212,13.15645,0.26731,12.40794,0.33845,271.47345,36.47530,2.84392,3.97017,0.00191,2.08274,-0.52299,0.93814,0.51250
104,3,0.05935,768.40850,0.33831,543.30824,0.14830,422.00000,1404.82446,3.16815,4.18972,0.00063,2.88209,-0.73191,0.99016,0.46500
105,3,0.05828,240.02083,0.36624,185.07995,0.15900,424.31985,500.29899,3.20942,4.19646,0.00074,2.75825,-0.71809,0.99151,0.47500
106,3,0.05282,1081.19771,0.27248,774.39003,0.10310,340.35131,2016.36240,3.25435,4.28798,0.00069,2.98558,-0.76680,0.99668,0.39000
107,3,0.05667,88.66503,0.35791,72.24373,0.21137,208.44853,200.30987,3.15100,4.21137,0.00139,2.72155,-0.66965,0.99013,0.59500
108,3,0.05320,480.39624,0.35172,358.11902,0.12040,307.13072,952.07984,3.20042,4.28267,0.00096,2.76433,-0.75999,0.99670,0.52500
109,3,0.05661,117.27328,0.38073,110.47506,0.16166,325.92198,324.62696,3.18113,4.21312,0.00095,2.72065,-0.71013,0.99231,0.49500
110,3,0.05586,122.01348,0.37538,119.60240,0.16896,218.77655,356.39612,3.14332,4.23690,0.00141,2.64957,-0.69993,0.98879,0.61250
111,3,0.05396,52.53186,0.40522,47.45682,0.16767,134.81536,137.29541,3.13811,4.27205,0.00212,2.63819,-0.72743,0.99519,0.53500
112,3,0.05140,673.74265,0.23756,406.50167,0.09283,285.89216,952.26405,3.26262,4.31862,0.00072,3.06031,-0.76758,0.99664,0.38750
113,3,0.04943,922.02696,0.32498,726.56527,0.05585,280.60458,1984.23411,3.32271,4.36274,0.00063,3.17601,-0.83169,0.99894,0.53500
114,3,0.05245,354.23775,0.15497,234.00804,0.11136,337.16422,581.79441,3.19493,4.29738,0.00077,2.90505,-0.74600,0.99595,0.56250
115,3,0.06369,103.59926,0.27114,78.62484,0.22364,149.21446,210.90011,2.96481,4.09032,0.00197,2.64324,-0.65355,0.98599,0.53750
116,3,0.05034,1235.66217,0.41957,1121.49297,0.06943,365.70956,3250.30972,3.34068,4.33864,0.00049,3.17202,-0.79855,0.99811,0.43000
117,3,0.05730,104.77819,0.28147,95.10826,0.21640,239.25694,275.65485,3.03025,4.19738,0.00139,2.64764,-0.66656,0.98993,0.52250
118,3,0.05561,182.31658,0.30894,137.15135,0.14584,205.46201,366.28880,3.20402,4.24305,0.00112,2.95795,-0.71022,0.99297,0.50750
119,3,0.05995,76.82598,0.38620,63.60763,0.19348,236.94199,177.60455,3.03121,4.17094,0.00161,2.46112,-0.71268,0.99004,0.55250
120,3,0.05123,183.72018,0.19072,128.11092,0.11854,365.68750,328.72350,3.20483,4.32107,0.00077,2.82461,-0.73540,0.99606,0.49750
121,3,0.05228,790.36683,0.45356,551.34723,0.13064,250.53023,1415.02208,3.20341,4.29983,0.00126,2.64255,-0.74580,0.99549,0.48750
122,3,0.05588,234.62990,0.37303,217.64362,0.15280,309.80229,635.94458,3.11378,4.23384,0.00096,2.82304,-0.71322,0.99222,0.46750
123,3,0.05313,52.74918,0.47996,53.84831,0.16095,391.14379,162.64406,3.15275,4.27777,0.00088,2.61181,-0.74571,0.99641,0.55500
124,3,0.05151,746.12582,0.27674,558.99371,0.10789,303.07925,1489.84904,3.28818,4.31821,0.00064,3.13393,-0.79229,0.99801,0.47250
125,3,0.05492,35.34150,0.42953,33.88716,0.19324,234.68056,100.20713,3.16777,4.24672,0.00142,2.55896,-0.69573,0.99259,0.50500
126,3,0.04987,616.26797,0.25665,419.31582,0.08661,403.95997,1060.99532,3.29329,4.35048,0.00055,3.03837,-0.79741,0.99828,0.46250
127,3,0.05156,631.98693,0.26803,435.01958,0.08639,337.80147,1108.09139,3.23487,4.31699,0.00068,2.97993,-0.76797,0.99731,0.43500
128,3,0.05057,1215.27737,0.38103,836.32056,0.09924,266.63521,2130.00489,3.25366,4.33414,0.00098,2.83160,-0.79094,0.99770,0.40500
129,3,0.05099,944.55188,0.27413,732.45676,0.08995,356.14747,1985.27518,3.27254,4.32352,0.00056,3.12533,-0.76230,0.99704,0.46250
130,3,0.05358,706.54167,0.22877,388.68404,0.17645,226.70098,848.19449,3.12968,4.27736,0.00132,2.61628,-0.71864,0.99473,0.33750
131,3,0.05128,1063.90564,0.27416,816.38271,0.10787,282.06250,2201.62519,3.25631,4.31985,0.00076,3.04739,-0.79611,0.99792,0.41000
132,3,0.06111,309.10498,0.37093,287.25094,0.22555,441.21855,839.89877,3.11930,4.15426,0.00067,2.81232,-0.67999,0.98659,0.54250
133,3,0.05641,407.22345,0.26084,279.11698,0.16589,257.80270,709.24447,3.10356,4.21933,0.00110,2.76265,-0.70182,0.99003,0.54250
134,3,0.05083,467.42239,0.29883,285.94749,0.07175,293.10948,676.36756,3.30637,4.33292,0.00084,2.90160,-0.79986,0.99791,0.43000
135,3,0.05354,702.07271,0.32676,491.47924,0.12596,374.12827,1263.84425,3.24171,4.27439,0.00071,2.89589,-0.75984,0.99231,0.45750
136,3,0.05709,35.64216,0.34668,33.45893,0.19980,235.09314,98.19356,3.08820,4.21505,0.00155,2.51708,-0.68658,0.99146,0.55000
137,3,0.05196,147.33864,0.39835,146.53727,0.09834,350.10580,438.81045,3.24057,4.31494,0.00074,2.90262,-0.78027,0.99748,0.45000
138,3,0.05113,569.14420,0.36598,440.43475,0.09067,270.45302,1192.59481,3.24253,4.32352,0.00084,2.91434,-0.79638,0.99791,0.48500
139,3,0.05601,120.75531,0.32178,111.44229,0.17039,196.84191,325.01385,3.18166,4.22189,0.00142,2.76774,-0.70093,0.99324,0.53250
140,3,0.05833,58.54779,0.39625,53.23757,0.16555,261.38685,154.40247,3.12975,4.18217,0.00130,2.55765,-0.69493,0.99263,0.53250
141,3,0.05320,207.91095,0.32109,168.98192,0.10196,222.17484,468.01675,3.17777,4.27592,0.00109,2.90044,-0.77738,0.99711,0.51750
142,3,0.05034,371.17851,0.08797,194.83528,0.09673,383.92116,408.16262,3.25243,4.33864,0.00061,2.98579,-0.77511,0.99746,0.44000
143,3,0.05252,866.78391,0.26538,603.23999,0.10501,413.24632,1546.17607,3.28011,4.30596,0.00053,3.05280,-0.77558,0.99674,0.44750
144,3,0.05797,73.12173,0.48961,63.78429,0.18757,292.79248,182.01541,3.16774,4.19831,0.00118,2.56408,-0.69841,0.99170,0.34500
145,3,0.06820,12.99060,0.35770,11.61878,0.28282,161.11070,33.48451,2.95197,4.03832,0.00281,2.18501,-0.54839,0.95667,0.71500
146,3,0.05278,275.70343,0.37343,248.32159,0.10297,373.77778,717.58292,3.26427,4.29288,0.00063,3.00019,-0.76046,0.99687,0.43250
147,3,0.05432,472.91258,0.31219,339.51064,0.09272,383.66993,885.12997,3.26568,4.27100,0.00056,3.08601,-0.76117,0.99562,0.53250
148,3,0.05714,209.53554,0.30849,191.35339,0.16071,339.84845,555.87801,3.15806,4.21680,0.00072,2.96879,-0.68588,0.99055,0.48000
149,3,0.05590,167.15319,0.24415,110.56161,0.15312,199.60580,275.09326,3.13495,4.22711,0.00149,2.70661,-0.72454,0.99488,0.52500
150,3,0.06074,29.83374,0.27648,22.26635,0.22384,196.54943,59.23167,3.02931,4.15457,0.00163,2.58739,-0.65438,0.98929,0.54500
151,3,0.05136,951.87582,0.24705,681.08005,0.07969,416.07271,1772.44440,3.29166,4.32189,0.00053,3.02285,-0.79456,0.99801,0.46250
152,3,0.05406,136.68382,0.17804,85.22541,0.12085,285.73693,204.21782,3.14842,4.26960,0.00092,2.89208,-0.73212,0.99461,0.52750
153,3,0.05267,321.67239,0.13622,175.23465,0.12491,267.64052,379.26620,3.14875,4.29370,0.00090,2.89248,-0.75426,0.99618,0.39000
154,3,0.05470,212.11275,0.22102,140.25277,0.17515,192.54984,348.89833,3.15724,4.24754,0.00148,2.75225,-0.69057,0.99154,0.54500
155,3,0.05600,71.34967,0.46194,62.79203,0.20871,154.71895,179.81845,3.19084,4.23488,0.00178,2.71040,-0.70049,0.99388,0.59750
156,3,0.05369,62.10212,0.39404,55.94248,0.13489,299.36275,161.66780,3.15664,4.27369,0.00108,2.65421,-0.74235,0.99562,0.53250
157,3,0.05923,21.49673,0.31873,18.61871,0.25364,159.00735,52.97812,3.02268,4.15389,0.00239,2.40835,-0.62654,0.98218,0.51750
158,3,0.05679,54.14583,0.25222,37.96769,0.18773,350.33864,97.72493,3.10359,4.20718,0.00106,2.52920,-0.65748,0.98894,0.47750
159,3,0.05240,853.96405,0.34766,610.50150,0.11472,272.96324,1588.04196,3.27000,4.29860,0.00096,2.93392,-0.77031,0.99702,0.53500
160,3,0.05223,1015.58987,0.28753,756.55671,0.13043,279.49346,2010.63696,3.25980,4.29615,0.00078,2.99140,-0.74678,0.99585,0.35500
161,3,0.05350,676.17198,0.26539,437.82179,0.11203,266.09273,1075.11518,3.19357,4.27837,0.00087,2.97605,-0.76412,0.99646,0.49500
162,3,0.05052,274.54902,0.31259,219.25714,0.09334,406.45752,602.47955,3.26797,4.33537,0.00056,3.03379,-0.79303,0.99790,0.54750
163,3,0.05891,36.02859,0.29338,29.84147,0.20943,257.65114,83.33730,3.08989,4.16909,0.00133,2.55998,-0.65841,0.98746,0.49250
164,3,0.05144,448.88603,0.35599,378.87887,0.07349,363.14011,1066.62944,3.30012,4.32311,0.00061,3.03216,-0.79770,0.99792,0.44250
165,3,0.05084,170.29453,0.45538,151.95097,0.12042,149.45057,437.50936,3.29001,4.32720,0.00140,2.94594,-0.78580,0.99773,0.54500
166,3,0.05923,101.38807,0.27484,73.60826,0.19604,190.81863,193.04496,3.12106,4.17490,0.00143,2.73673,-0.69280,0.99121,0.52000
167,3,0.05605,60.38725,0.27518,43.98876,0.15140,287.66503,115.56779,3.12687,4.23781,0.00114,2.67905,-0.74768,0.99559,0.49500
168,3,0.06294,39.05637,0.39156,33.86501,0.21737,155.05392,96.40369,3.07048,4.10686,0.00218,2.49025,-0.66716,0.98875,0.59250
169,3,0.05626,88.03758,0.39887,76.20591,0.14731,241.85866,216.78606,3.12756,4.22219,0.00133,2.65688,-0.72160,0.99398,0.45000
170,3,0.05063,691.84845,0.31355,530.92544,0.07022,298.71283,1431.85329,3.24722,4.33292,0.00076,2.99832,-0.78073,0.99775,0.45500
171,3,0.05471,127.75817,0.25607,94.21016,0.12516,240.17974,249.08247,3.14112,4.25264,0.00107,2.87355,-0.73673,0.99391,0.46000
172,3,0.11585,394.01062,0.11434,299.65834,0.35126,417.81373,804.62273,2.56749,3.57372,0.00117,2.27070,-0.51408,0.88891,0.46250
173,3,0.05175,645.18587,0.24300,424.68630,0.08875,276.21446,1053.55933,3.27614,4.31086,0.00076,3.02513,-0.78722,0.99768,0.46000
174,3,0.05179,1057.26757,0.35794,1063.87229,0.11127,331.47345,3198.22158,3.23936,4.31045,0.00066,3.00942,-0.78576,0.99729,0.32250
175,3,0.05093,410.03023,0.35478,351.10875,0.08414,281.82925,994.40477,3.27848,4.32352,0.00075,3.04902,-0.78025,0.99750,0.50000
176,3,0.05309,585.90768,0.37661,565.36578,0.09679,288.30801,1675.55544,3.23279,4.29084,0.00079,3.02374,-0.76151,0.99493,0.55500
177,3,0.06012,16.23366,0.30297,13.90765,0.24333,155.27124,39.39692,2.97768,4.15386,0.00249,2.34974,-0.60750,0.97856,0.61500
178,3,0.05679,147.24796,0.27611,139.38197,0.17826,163.50449,410.27992,3.08711,4.21606,0.00168,2.71851,-0.69903,0.99119,0.49000
179,3,0.05398,484.48897,0.35708,358.01235,0.12310,387.72998,947.56042,3.19735,4.27315,0.00078,2.76684,-0.75957,0.99643,0.46250
