,Type,N_peaks,Media_proem,Area,Width_peaks,Width_peaks_max,Width_peaks_min,Median,Mode,Mean,Sd
0,1,2,21.73958,1024.86111,14.81369,54.42361,0.87671,41.70833,15.80556,66.99632,68.46875
1,1,1,13.34722,1140.79398,10.22390,25.70139,3.26313,34.56250,10.85417,86.34600,95.53923
2,1,2,50.77083,2055.15972,33.05020,141.50694,2.18092,116.78472,30.75000,130.03922,85.50475
3,1,2,196.14815,4612.20139,88.72145,642.30903,1.51358,70.88889,13.15278,285.03799,368.87534
4,1,2,248.66551,5680.38889,121.46336,520.03125,2.92540,341.29167,13.53472,347.03758,297.34679
5,1,0,0.00000,1047.02546,0.00000,0.00000,0.00000,24.86806,9.49306,81.60090,108.24145
6,1,3,52.06019,3044.81481,30.38445,238.74653,0.51040,73.54861,9.83333,195.02574,246.99837
7,1,2,21.14583,3058.18056,27.69233,121.84375,1.48304,131.79861,45.95139,220.03636,207.94621
8,1,2,126.01273,3792.91435,84.57986,597.11806,2.73008,73.34722,7.14583,239.35498,305.05452
9,1,2,46.27199,1321.23611,28.68911,132.43403,1.40300,58.26389,6.45139,87.84722,77.06722
30,1,2,155.61227,4764.63889,70.85815,486.24653,0.61222,88.93056,29.16667,310.12296,332.48663
31,1,1,5.43056,1522.17361,24.07983,86.08333,2.32742,86.97222,30.60417,100.53350,60.82175
32,1,2,17.79977,1130.51157,29.92049,162.62500,0.86536,40.30556,8.25694,70.85498,63.66803
33,1,2,81.50463,3250.10417,46.72491,315.49306,0.77215,130.77778,30.41667,199.92198,164.24389
34,1,1,103.23148,6046.68287,224.03145,891.70833,0.50000,233.63889,14.34028,404.71977,370.41508
35,1,1,55.59491,2328.39815,128.62159,510.44097,0.50000,59.71528,6.00000,157.10989,186.90369
36,1,3,14.71991,1689.60880,47.48793,362.24306,0.50000,81.76389,5.90278,111.53391,111.91035
37,1,1,17.28009,3104.65046,24.94358,78.77431,2.27239,93.44444,8.48611,314.07721,696.63472
38,1,2,22.46412,892.84491,18.96500,81.10764,2.37440,33.44444,9.52778,70.59886,104.72633
39,1,2,56.46065,3401.10880,60.59362,424.61806,1.21018,118.56250,15.42361,228.94322,219.63223
60,1,2,13.64931,1407.70370,46.77335,268.34375,0.90351,53.48611,7.52778,93.16340,101.41799
61,1,2,268.50231,6954.06944,141.34176,555.23611,2.82033,256.77083,36.37500,402.45588,374.61667
62,1,2,16.58218,2372.18981,44.74089,239.45139,0.66683,120.70833,46.93750,154.89461,109.03101
63,1,1,139.40509,5049.84491,104.50352,393.53819,2.56204,290.22222,12.34028,360.18423,317.15198
64,1,2,6.75694,5663.77546,37.42027,145.72569,0.52829,149.81944,77.49306,397.55801,451.88121
65,1,3,25.91667,1681.69907,41.80050,273.59028,0.67024,66.18750,10.22917,108.01144,94.42290
66,1,1,77.79398,2980.01852,47.62809,168.25347,5.18847,153.75694,16.64583,235.85212,366.52979
67,1,2,231.88542,10802.11111,289.79355,2054.91319,2.44598,224.78472,54.38194,653.48529,877.75838
68,1,1,45.34028,2042.31944,41.20257,141.44792,3.15803,101.09028,11.87500,137.20547,130.07755
69,1,1,7.56250,4271.24537,16.87413,46.49653,0.82017,55.50694,18.59028,339.37704,464.51353
90,1,2,6.97685,1960.00463,81.42920,597.23611,0.50000,38.24306,11.91667,139.76389,189.57073
91,1,2,38.92477,4247.41667,88.70425,512.84375,1.80629,164.40972,91.87500,273.02778,168.17979
92,1,3,18.10648,1183.58102,23.14690,109.06944,0.65464,66.78472,29.25000,73.07435,35.95235
93,1,2,72.32060,2488.69213,61.44337,262.47917,2.10441,148.49306,14.72222,156.13889,115.87594
94,1,1,181.16898,14049.06481,216.87374,836.92014,2.54197,576.16667,61.86111,933.57802,1260.48904
95,1,2,191.42130,4659.72917,87.63653,641.77083,0.52604,61.06250,17.25000,283.77165,401.05936
96,1,2,350.98958,8890.51620,173.00888,712.00347,3.09480,301.66667,20.80556,510.90727,474.79117
97,1,2,553.11458,21556.27315,445.08761,2688.08681,0.86402,1085.38194,25.79861,1312.91258,1181.15026
98,1,1,10.46528,989.86806,14.30009,35.67014,2.43685,39.18750,11.65278,71.32761,96.30419
99,1,2,408.11111,10373.20833,257.15724,1218.06944,0.50000,283.60417,32.47222,656.44812,789.21849
120,1,3,7.89198,956.66898,14.20851,45.39583,0.54595,38.70833,19.44444,73.42974,85.89944
121,1,2,25.70486,5844.76852,32.78346,120.67014,0.78864,102.78472,7.45139,420.86479,865.23789
122,1,2,316.76852,10347.64815,184.90301,1430.17014,0.84173,175.53472,19.85417,667.49592,769.05622
123,1,1,89.22917,4304.74074,41.92375,147.14931,3.52210,179.14583,19.79167,305.79698,312.32658
124,1,2,11.68403,1216.02315,32.47786,193.79514,0.93976,24.04861,6.67361,84.75327,91.82726
125,1,4,11.20949,1756.67593,47.35884,586.68056,0.57829,37.11111,16.08333,120.93546,188.15368
126,1,1,36.22685,2469.28241,27.37262,94.13194,2.83293,77.97917,31.84028,177.65564,218.12335
127,1,2,42.19444,2392.52083,31.61113,149.56597,0.67205,97.90278,40.17361,166.07149,166.85810
128,1,3,70.36960,2637.84491,44.39737,285.61806,0.52565,87.54861,9.03472,150.57802,166.07064
129,1,2,34.85417,963.28935,26.38949,152.31597,2.10190,19.87500,6.08333,58.29453,73.47346
150,1,2,6.88773,4990.66898,10.95304,26.33681,0.63674,19.36806,6.31944,456.17279,1186.13872
151,1,3,105.74769,8070.77546,124.23628,538.47917,0.70269,505.27083,137.51389,480.24877,146.38321
152,1,3,90.33333,3777.45833,80.07286,483.94097,0.50000,108.54167,14.61111,233.55270,265.27421
153,1,2,12.94792,1775.29398,11.86553,44.35417,0.60417,38.87500,4.89583,123.86765,236.48555
154,1,1,6.99537,3631.61574,51.22743,179.90972,0.51533,148.24306,10.13194,336.73734,636.08798
155,1,2,29.82407,3406.59259,28.27980,100.93403,0.67611,77.43056,28.36806,233.03758,370.38084
156,1,2,112.19676,7345.70833,124.18285,496.21875,2.70412,539.11111,26.97917,450.91381,208.84934
157,1,1,96.99537,3263.74537,152.31294,580.84722,1.95115,90.75000,5.61111,208.97386,244.12402
158,1,2,166.28356,8331.27778,189.59542,913.68403,0.74535,393.17361,50.35417,505.22590,377.09280
159,1,2,165.91319,4694.55093,87.58461,510.47222,1.39308,157.95833,8.41667,279.43301,288.77005
180,1,1,20.33565,2766.21759,38.72830,127.91319,1.73423,103.72222,36.54167,198.40809,229.78909
181,1,2,46.35069,4867.46528,73.62971,519.70139,0.55234,225.55556,20.99306,399.29248,660.41420
182,1,3,57.26466,7504.12500,129.36407,675.96528,0.60758,501.29167,95.47222,474.29779,201.15219
183,1,3,19.25617,1335.71065,26.75477,106.47569,1.07298,89.41667,26.18750,84.23652,29.50761
184,1,2,249.45255,8392.33333,167.99691,1298.92014,2.25509,56.11806,7.30556,505.96528,678.99785
185,1,2,447.84259,16006.41204,204.98819,1345.83333,3.03256,327.90278,56.48611,1053.44036,1076.47743
186,1,3,18.33796,2469.86343,50.46724,258.73264,1.56796,167.69444,26.46528,153.68096,94.06557
187,1,3,922.28704,46780.67130,726.69335,7094.77083,1.09362,935.19444,94.11806,2785.28799,3305.06306
188,1,2,121.90856,4395.58565,119.65379,647.98958,0.50000,186.03472,11.98611,268.98979,258.43378
189,1,2,509.71528,12301.37731,247.37107,1906.63542,2.46637,52.95139,24.54861,705.64869,1066.37133
210,1,1,60.25463,3579.37731,52.05582,201.56944,0.64267,116.18750,4.31250,262.70302,416.40479
211,1,2,24.70602,4382.97685,62.79001,300.75694,0.94953,245.17361,88.95833,279.77492,161.88846
212,1,1,103.91435,3802.02546,94.89773,362.98264,4.04796,224.74306,23.05556,241.45833,161.96755
213,1,1,17.90046,1466.73380,38.51971,147.15625,0.51942,44.07639,17.34722,99.89992,83.75236
214,1,3,163.81481,6664.59722,107.07873,1017.35069,0.50354,125.72917,28.04167,390.82026,556.91671
215,1,2,10.33449,2962.36806,12.67930,50.15972,0.51807,44.81944,4.03472,249.52859,618.08812
216,1,3,1069.70293,32916.65741,570.83960,4241.80556,1.55260,635.63194,2.50694,2080.35417,2830.67657
217,1,2,183.68519,8235.32407,78.14312,587.03125,0.64855,132.99306,17.63889,538.71364,645.23091
218,1,2,111.93056,4495.62269,56.37993,360.19792,0.76851,126.83333,24.89583,269.23652,262.36884
219,1,2,126.30440,2902.03472,60.66180,308.92361,2.36942,89.05556,10.93056,179.11765,185.87032
240,1,1,1943.90046,21505.00694,776.33304,3077.66319,3.10667,237.27778,16.16667,1272.95425,1953.89758
241,1,3,122.88657,4460.78935,59.01622,547.80208,0.51905,78.27778,29.38194,263.57435,340.25159
242,1,2,19.95602,785.98611,20.81572,80.30903,1.60314,44.81944,13.75000,49.53472,32.62600
243,1,2,221.88773,6077.24306,110.24330,442.31250,3.11060,297.58333,43.44444,363.49101,253.02105
244,1,2,44.71759,2010.27315,33.99012,169.28472,0.51843,102.56944,21.08333,135.85907,98.68437
245,1,3,132.10108,6722.10880,123.67233,823.93403,0.87813,253.45139,50.60417,416.54126,406.97137
246,1,2,61.88426,5894.05787,103.61360,388.53472,0.96549,348.40972,227.34722,362.72304,84.88718
247,1,1,20.06019,4383.85185,24.39204,77.90972,2.97628,100.50000,45.57639,316.09600,437.95489
248,1,1,230.33565,6357.10185,100.02515,381.57292,3.78755,196.88194,36.59028,437.29698,504.11212
249,1,2,48.45255,1515.99074,26.68541,158.72917,0.73777,46.18750,4.39583,94.93546,94.41181
270,1,3,27.51698,1379.14815,34.65928,191.42014,0.50000,16.52778,3.70833,84.23897,93.96986
271,1,2,203.21528,5158.56481,102.85435,592.37847,1.89492,180.67361,26.22222,309.33783,327.86955
272,1,2,169.03588,7347.76389,81.38292,592.74306,2.30284,109.84028,11.93750,533.18505,858.20491
273,1,3,11.23225,1723.16204,47.63714,405.14583,0.50000,64.43750,14.81250,115.38562,130.33551
274,1,1,7.72685,926.12963,26.84896,82.39583,0.59294,29.45833,8.08333,64.02410,67.61898
275,1,3,38.19136,1423.80324,32.68912,183.46181,0.72592,16.89583,5.53472,86.97794,98.20758
276,1,3,55.33719,5366.92824,108.81098,1004.14583,0.50000,166.79167,71.89583,355.99796,365.47329
277,1,1,93.18519,3835.38889,52.85417,186.88194,2.95691,128.22917,11.92361,280.60049,403.68291
278,1,1,94.02546,3762.50926,164.68068,629.53125,1.03628,95.15278,5.80556,266.11193,275.53899
279,1,2,278.18866,7244.74306,128.73059,503.02778,2.34227,332.47222,23.02778,420.06781,335.83718
300,1,3,17.82793,7589.37963,34.86359,223.48958,0.99255,100.31944,35.21528,627.26838,1471.10591
301,1,3,5.54630,1373.46759,9.78715,25.27431,0.56835,21.09028,6.38194,113.46773,237.27597
302,1,2,15.98727,1339.16204,22.98749,96.60417,1.18682,53.42361,12.59028,91.57680,103.89178
303,1,2,54.23264,23503.64815,654.37688,4575.44097,0.50000,559.88194,1.97222,1530.27124,1811.18744
304,1,2,114.63542,3684.44444,121.76606,573.23264,0.50000,79.02083,3.70139,235.06822,255.22694
305,1,1,108.89583,4409.56944,46.12206,170.49653,3.18784,48.02778,3.34722,304.72590,536.40337
306,1,3,20.17978,677.03009,16.56660,56.26042,0.54042,33.66667,6.38889,40.05596,29.78434
307,1,1,591.68056,9655.14352,230.07754,890.80556,5.06220,425.10417,7.77083,564.86520,579.07414
308,1,2,9.49421,2689.68981,16.70283,60.41667,1.10379,44.51389,16.15278,194.31209,359.73556
309,1,2,5.57986,511.31481,7.15973,16.53819,1.59904,18.58333,3.81250,36.95792,52.49949
330,1,2,165.79861,9638.29861,185.40368,776.96528,2.31477,676.17361,52.67361,576.59273,317.29041
331,1,1,219.74074,4770.36111,280.75443,1118.02083,0.50000,49.06944,5.59722,303.88031,480.41514
332,1,0,0.00000,11793.64815,0.00000,0.00000,0.00000,87.98611,1.79167,789.42279,997.64159
333,1,1,715.41667,15724.59954,284.39982,1108.56944,3.00399,46.94444,5.75694,1083.40972,1877.47392
334,1,2,138.93287,4415.07639,93.00814,398.09028,0.50000,240.47222,24.58333,264.52492,218.08726
335,1,2,129.47222,2665.00463,56.86533,335.18750,2.41740,51.63194,9.47222,151.95711,210.74189
336,1,2,42.87500,1144.03935,31.06584,138.11111,1.12441,45.70139,2.50694,70.89624,73.77278
337,1,2,39.04514,2041.47917,19.73921,108.33681,0.59910,17.32639,8.52083,154.31822,291.38097
338,1,1,243.67130,5189.30093,261.75738,1016.72917,2.11963,75.54167,1.55556,341.95057,428.84439
339,1,2,40.23264,1164.97685,25.16290,107.09722,1.80835,60.16667,6.40278,73.75082,61.08818
360,1,1,5.94444,3563.32639,6.36458,10.50000,1.94286,4.87500,1.40972,295.12459,613.66044
361,1,2,24.06019,753.01389,30.62101,188.11806,0.50000,22.72222,1.68056,48.95874,64.44587
362,1,3,17.82099,1086.39583,26.49263,102.16319,0.66494,86.29167,6.06944,64.68015,41.91888
363,1,2,8.28588,165.24769,6.50493,12.50694,1.00595,6.97917,3.48611,11.88971,12.50529
364,1,2,9.65625,768.98611,12.88585,44.07986,2.76117,23.40972,10.88194,85.72018,236.38918
365,1,2,36.27778,6044.85417,87.29427,636.06944,1.39051,136.25000,4.47222,411.42606,483.59858
366,1,1,66.12269,2837.04398,69.44735,252.42014,3.01151,185.57639,8.72917,189.76879,151.67335
367,1,3,25.33951,1842.54630,40.50950,195.96875,0.68040,99.80556,31.10417,115.41503,62.82758
368,1,3,91.34491,3155.27315,43.78999,438.78125,0.83866,18.27083,3.34028,177.19975,295.69588
369,1,2,11.07060,9138.27315,139.60294,1079.13194,0.69375,542.29167,3.63889,576.41217,529.90261
390,1,2,85.28009,3708.44676,59.24493,315.17708,2.48303,170.49306,8.59028,288.75082,398.23703
391,1,2,89.69213,2775.42130,57.51120,213.99306,1.60315,171.10417,8.09722,169.46855,118.98262
392,1,2,312.29051,18369.86806,649.68939,4643.17708,0.50000,244.60417,5.45139,1172.34109,1708.83483
393,1,1,664.62269,7432.21991,259.14233,1012.82986,3.30154,88.11111,15.54167,464.22059,611.08918
394,1,3,34.67670,3136.73611,79.29820,843.83681,0.51052,33.29167,21.38889,212.04493,323.48347
395,1,3,13.51775,947.09491,27.52071,196.79514,0.50000,48.11111,8.79861,64.22263,59.54882
396,1,2,7.60069,591.21528,9.84424,20.59722,0.53803,19.63194,7.19444,43.47876,67.81215
397,1,3,108.28704,8981.84028,255.08806,2611.46181,0.50000,146.94444,3.40972,618.31536,949.23257
398,1,1,30.70833,676.35185,17.44816,57.40972,3.04928,19.22917,5.95833,56.17034,96.01711
399,1,2,66.42940,3773.69213,81.34150,431.81250,0.86210,169.71528,4.75694,235.03391,206.57691
420,1,2,147.72569,7438.21296,218.10448,1682.93750,0.56100,28.95139,11.38194,474.68832,714.06126
421,1,3,7.88889,432.83333,14.16993,80.11111,0.63776,16.88889,7.46528,29.83864,26.11029
422,1,3,16.53395,1566.92824,10.76539,61.49653,0.57955,54.19444,4.83333,104.50041,125.44559
423,1,1,6.16667,1574.19907,12.97802,44.37500,1.28013,49.12500,4.37500,105.79534,110.68236
424,1,1,26.69676,618.40741,21.24584,57.94792,3.75261,42.91667,4.72222,42.12173,34.12083
425,1,3,14.52160,556.02546,16.57085,91.67708,0.60526,14.61111,7.25000,35.93913,32.07714
426,1,2,23.31713,1170.63889,24.33963,102.62500,1.06615,80.36111,6.38194,77.86560,63.98217
427,1,1,23.19213,1582.87269,14.20671,48.36458,1.23188,69.56250,7.65972,108.94322,127.19859
428,1,2,85.79861,3127.94213,66.93072,465.54861,0.63959,35.00694,4.61806,216.93587,273.84414
429,1,1,5.72685,2265.30787,6.97049,9.50000,0.97753,12.79861,3.72222,175.82026,302.37314
450,1,1,224.22222,2593.29630,94.47265,350.63889,3.04675,11.25694,2.09722,171.53227,269.47434
451,1,2,83.72454,3333.65278,96.77553,584.65625,0.53718,112.95833,2.46528,209.30964,232.60942
452,1,5,7.85787,257.55093,9.27745,36.55208,0.50000,12.95833,4.52083,16.53554,10.16128
453,1,3,27.70602,1686.02315,21.19332,127.81944,0.61890,48.68056,18.04167,110.37459,97.73114
454,1,3,56.00077,4173.31944,107.57197,1045.61111,0.50000,126.51389,13.26389,275.95833,377.10771
455,1,0,0.00000,1211.64120,0.00000,0.00000,0.00000,20.04167,7.07639,88.92974,135.38337
456,1,0,0.00000,3959.41435,0.00000,0.00000,0.00000,84.31250,2.94444,338.50531,520.15282
457,1,2,15.80556,374.90509,11.27357,34.97569,1.39779,14.72222,2.35417,22.21405,19.80945
458,1,2,281.01968,6600.56019,140.67520,874.14236,0.52583,104.48611,12.68750,367.38562,556.47535
459,1,2,87.51505,2227.46528,44.61760,249.60764,0.51135,75.11111,16.51389,131.77165,146.67540
480,1,2,37.82060,1735.49769,28.95382,143.62153,2.43219,72.47222,27.36111,119.97141,80.74627
481,1,2,143.37269,8238.23843,307.21782,2297.64583,0.50000,144.97917,9.21528,535.22059,825.84897
482,1,1,3.15741,7648.45602,4.08445,9.97222,0.68280,113.75000,3.52778,531.51266,781.64753
483,1,1,54.48611,2437.83565,33.57839,105.73611,2.98312,34.00694,3.11111,174.48325,319.55595
484,1,2,96.71759,5391.74306,160.77071,934.04167,0.50000,247.90972,17.54167,343.48080,295.17093
485,1,0,0.00000,5623.88889,0.00000,0.00000,0.00000,139.81250,26.90278,446.42688,753.47458
486,1,2,53.38773,2245.41898,47.80764,215.56944,0.68681,118.90278,9.63194,153.02328,132.02881
487,1,2,64.42361,3241.53704,57.44236,252.95833,1.37954,185.71528,21.39583,197.00613,110.13771
488,1,2,261.46181,4802.71296,108.21823,524.74306,2.99743,63.50694,4.47917,298.29085,372.60151
489,1,2,5.64468,1348.23843,60.52576,443.05556,0.50000,15.23611,4.75000,93.27492,148.77598
510,1,2,25.54977,1040.91898,18.28781,67.66667,2.90537,46.96528,11.23611,67.36560,51.58090
511,1,2,310.30787,7759.71296,153.13474,750.36111,2.00925,228.88889,27.06944,458.73039,436.48180
512,1,2,127.44792,5392.62037,164.87149,946.05556,1.24975,292.88889,15.97222,347.55923,331.82308
513,1,2,31.45255,4567.51620,98.48568,533.07986,1.13892,257.11806,43.22917,313.82516,202.01353
514,1,3,90.34722,3149.20833,52.32307,261.47222,0.58729,109.20833,22.46528,194.23897,154.54470
515,1,2,209.70023,5814.04861,114.26550,451.71875,1.54279,277.76389,28.01389,364.05229,272.82962
516,1,2,18.59954,1389.77315,13.11388,52.68403,1.21547,17.15278,8.90972,94.66258,178.75192
517,1,2,84.59028,2919.05556,40.38564,254.63889,0.65651,84.90278,7.00000,220.45629,311.84556
518,1,3,46.45988,3085.96991,67.77816,522.66319,0.52923,88.20139,22.01389,196.93954,205.93229
519,1,2,17.08912,564.78472,13.98097,38.61806,2.95281,31.61806,7.49306,40.85090,41.73761
10,2,2,49.52199,5772.84028,74.69502,292.77778,2.78669,254.92361,90.68056,602.32884,1202.57734
11,2,3,17.78627,4162.46759,45.22761,203.30903,1.50000,170.06250,84.27083,358.18546,592.04417
12,2,2,194.14352,17067.23611,491.36074,3306.77083,0.60617,595.46528,116.14583,1091.30842,1151.77750
13,2,2,35.47222,11629.91435,95.57557,414.94792,1.50000,404.52083,80.63889,814.25123,1200.38111
14,2,2,135.22454,11800.69676,223.97609,1025.52778,0.61586,796.38889,37.90278,724.79412,301.43425
15,2,2,147.78356,8343.80324,194.81515,937.92361,1.26989,463.08333,108.01389,538.57557,318.68196
16,2,2,54.94907,4011.81944,48.63330,262.04514,2.41755,214.43750,59.31944,273.65564,203.82745
17,2,2,23.24653,5831.94213,47.52156,221.90278,1.68250,185.47222,55.33333,521.74183,845.97125
18,2,1,16.04630,6023.17130,16.77036,44.07639,3.27542,35.89583,10.12500,521.82435,1071.52013
19,2,1,29.12037,1102.61806,23.46909,78.58333,2.73048,62.82639,13.65972,79.33783,69.72698
40,2,2,33.97917,21931.21991,161.83941,1127.51736,0.85824,636.42361,66.22917,1503.84069,2378.02015
41,2,1,775.17130,13172.27546,319.53974,1255.04167,4.86868,493.03472,32.70139,819.69771,814.12038
42,2,3,16.90664,2776.89815,81.54695,648.49306,0.50000,96.65278,34.40972,187.17606,196.57671
43,2,1,33.48148,1362.01620,28.88164,94.97917,4.47705,90.76389,40.25000,88.11724,30.18217
44,2,1,91.00694,3103.92593,83.57387,307.24653,3.94993,180.73611,31.81944,197.21895,133.29367
45,2,2,18.36458,1579.07176,28.39406,95.59028,1.56330,87.22222,40.57639,113.11315,107.58839
46,2,3,80.82099,13329.58102,252.61114,1552.28819,0.65251,1027.88889,74.13889,820.49959,642.01689
47,2,1,100.22685,2043.29398,48.21035,170.09028,3.61258,96.37500,22.73611,128.23162,98.48446
48,2,1,9.54630,3382.37037,46.28646,158.14583,0.60139,81.09722,13.58333,244.69322,319.22131
49,2,3,19.30324,3164.88426,53.51051,323.96875,0.50320,65.61806,0.34028,233.68995,297.78449
70,2,2,66.45602,16328.02778,384.36097,2929.42014,0.50000,205.00694,96.90972,1150.21773,1414.64828
71,2,3,43.81404,5527.39583,63.81145,580.70139,0.77664,106.04861,31.38889,441.85090,568.48961
72,2,0,0.00000,8057.96065,0.00000,0.00000,0.00000,341.42361,35.56250,654.86356,999.10765
73,2,3,1219.61960,71771.98843,1034.57088,5070.08333,0.54512,2682.80556,133.12500,4923.80351,4457.84596
74,2,2,28.51620,6364.17361,85.21712,540.13542,1.59769,237.52083,48.47222,471.95547,617.22131
75,2,2,23.05324,4896.53704,48.27545,265.85069,0.50000,148.89583,22.66667,328.12377,341.78561
76,2,2,351.70255,10625.31019,195.00791,1046.15972,0.50000,514.84722,46.29167,639.33415,569.20266
77,2,2,30.06829,19955.11111,20.97148,69.84028,2.52611,103.96528,23.39583,1381.36479,3246.73666
78,2,2,30.31366,5369.02315,38.04713,144.59028,2.40127,116.02778,57.89583,389.03717,604.18067
79,2,2,219.88079,13482.45602,243.21428,1527.95833,1.79159,446.17361,96.18056,878.24346,711.22943
100,2,2,301.57176,8982.77546,148.80098,968.10764,0.50000,200.22917,17.09722,592.10825,636.73402
101,2,1,443.46991,21782.34028,1211.33915,4814.40625,1.92639,214.81250,14.09722,1425.00041,1952.21759
102,2,2,8.71644,1292.61574,18.54958,81.00694,0.85288,61.15972,11.50694,92.25368,93.75655
103,2,2,498.63426,17483.54630,479.90640,3265.18403,0.50000,366.81944,19.59028,1035.79126,1549.77429
104,2,1,17.24537,5711.84491,68.30903,246.23611,0.60682,230.86806,14.34028,454.99469,648.11171
105,2,2,9.56366,4610.96759,77.48585,552.42708,0.50000,285.04167,32.73611,317.35989,280.21535
106,2,3,60.76312,8676.65741,221.89970,2326.52778,0.58493,155.63889,28.13889,576.79739,833.98684
107,2,2,110.05208,13336.97917,385.51810,2647.18750,0.50000,709.97222,63.96528,905.39093,856.66699
108,2,3,8.66358,2324.22917,52.16123,456.28125,0.50000,84.85417,26.09722,187.29534,269.97431
109,2,0,0.00000,4339.77315,0.00000,0.00000,0.00000,157.29167,29.47917,294.05964,296.10886
130,2,1,11.44444,6982.25926,91.25819,360.71528,0.65875,172.73611,53.74306,506.31005,654.05509
131,2,4,20.20197,2073.07870,51.38359,259.05208,0.50000,137.40278,19.56250,135.90727,80.31566
132,2,3,10.71373,1460.62500,44.69411,340.88889,0.50000,57.79861,28.39583,97.01307,93.29026
133,2,4,24.99884,6561.96991,148.51006,1653.53472,0.50000,216.45139,59.79861,451.44526,574.55550
134,2,2,509.41782,10231.11806,212.22012,1559.13889,2.51390,104.35417,31.47222,733.05596,1120.26555
135,2,2,12.78588,4259.07176,123.20991,850.48611,1.17010,110.68056,24.84722,294.10172,382.64160
136,2,2,312.28588,11604.96065,222.02884,1665.01389,1.58857,262.13889,46.42361,892.16054,1173.96578
137,2,2,220.53819,12108.24537,179.15854,1248.68750,2.62188,218.13194,75.18750,1136.04371,2246.33501
138,2,3,37.81404,2623.70833,40.00763,292.68056,0.84372,92.74306,44.79861,174.35417,146.94819
139,2,2,32.66782,7343.06019,39.27365,205.40625,0.54748,148.88194,10.31944,583.01838,871.96440
160,2,2,525.37847,11968.59259,219.90951,1588.52778,0.51471,128.54861,10.15972,903.97059,1150.92334
161,2,2,47.84259,5648.74074,66.53531,338.51736,2.36233,265.35417,52.96528,394.15319,439.28061
162,2,2,31.11690,4767.45833,39.19722,158.84375,2.65448,142.94444,73.94444,369.87010,645.41857
163,2,2,62.04745,2655.26389,41.73954,224.02431,1.97253,73.31250,31.74306,201.71283,297.13532
164,2,4,132.75000,13663.80556,345.63759,4040.67708,0.55293,227.91667,41.62500,899.65645,1259.32282
165,2,3,119.84954,25061.34028,593.04801,4802.05556,0.50000,945.31944,157.49306,1633.89011,1503.85211
166,2,2,160.81481,8202.98611,108.08651,661.13194,1.94206,272.27778,3.71528,779.91830,1496.97405
167,2,2,73.43287,15389.57870,73.65053,275.33333,2.61821,340.22917,132.01389,1124.21446,1649.36465
168,2,2,255.95139,9532.04167,105.67798,769.38542,1.65967,264.61111,5.19444,610.96855,780.40547
169,2,2,10.83102,3563.37731,78.60243,369.04514,0.54849,198.24306,28.29861,245.74796,243.65372
190,2,2,32.16551,5222.08333,83.74669,592.84375,0.50000,125.87500,24.63889,352.46201,366.86864
191,2,3,255.65972,20725.39352,327.26040,1792.18750,0.62383,1042.90278,16.52778,1391.84109,1384.54543
192,2,2,250.83912,10371.36343,271.84114,1629.44444,1.63448,464.90278,121.98611,651.21160,552.53533
193,2,2,397.66551,11954.25000,214.87448,1104.28472,2.28248,476.57639,56.36806,691.69240,577.36500
194,2,2,265.44444,13906.92130,169.74623,1249.40625,2.65234,89.57639,17.40278,977.77533,1221.68222
195,2,1,8.59028,6802.94213,26.55957,97.25347,0.99241,105.13889,16.48611,667.90931,1202.78363
196,2,2,10.36574,5929.54398,17.92796,50.83333,0.55280,206.45139,24.67361,473.13235,604.76788
197,2,3,58.75772,8081.86343,83.72079,555.34722,0.50000,113.59028,17.82639,1006.37868,3105.39402
198,2,3,57.94676,3236.56481,48.86670,432.05208,0.61780,73.84028,39.46528,197.38562,210.84952
199,2,1,191.03704,13428.58102,816.90972,3236.63889,0.77948,376.46528,43.06250,880.15441,1106.73073
220,2,2,152.19907,9206.56481,240.92408,1133.50000,0.53920,286.26389,35.81250,608.25531,639.18668
221,2,3,174.66435,7637.90278,133.73425,687.17361,0.85576,366.66667,54.69444,465.51920,322.01203
222,2,2,54.97685,4446.15278,69.38051,375.81944,2.43360,173.00000,58.77778,310.36438,221.29138
223,2,1,90.37269,6878.20833,61.43733,229.69097,3.05918,319.92361,22.10417,486.30596,531.00957
224,2,3,57.02932,3016.95370,57.55684,309.54167,1.99767,120.78472,48.12500,189.22835,127.56807
225,2,3,198.21373,10551.51389,187.54755,1095.81597,0.97822,513.01389,67.09722,619.71936,550.37879
226,2,3,320.05633,17959.47222,333.52989,2591.02431,0.50000,440.13889,21.22222,1309.46814,1542.23735
227,2,3,5.44753,4614.75926,46.31959,416.86458,0.50000,57.95139,30.79167,335.14175,526.38134
228,2,3,276.01080,10254.62731,147.87787,1402.68403,0.62829,167.05556,18.18750,579.54208,831.47019
229,2,2,27.20023,4770.68287,43.84183,163.87153,0.71605,160.23611,18.38194,515.07230,1148.92120
250,2,2,545.23380,35754.19444,367.26027,1894.24653,0.69014,966.63194,152.86111,2396.62827,3292.49174
251,2,3,158.45062,15125.11343,464.51359,2728.80903,0.60930,141.97917,37.06250,973.67606,1149.78506
252,2,1,23.91898,2203.60417,74.81858,268.27431,0.86691,71.22222,6.81250,149.58007,146.79190
253,2,2,13.71065,7281.43056,123.07277,938.49306,0.54632,70.35417,12.25000,486.34804,836.10821
254,2,2,77.87500,9719.81019,65.69237,443.89583,1.75366,145.01389,20.57639,727.43260,1308.74273
255,2,2,302.90625,12571.42593,131.41019,941.91667,2.29761,97.45833,5.24306,807.63930,1189.72071
256,2,3,12.33951,4811.47454,148.22018,1690.53819,0.50000,80.18056,8.34722,326.68546,524.34751
257,2,2,31.49653,5652.67593,81.01926,504.84028,0.54364,106.96528,15.22917,407.30801,606.95015
258,2,2,64.96296,6252.30556,178.22631,1191.10069,0.50000,233.91667,36.55556,401.37418,377.54133
259,2,1,411.40509,18456.56944,201.04599,787.53125,2.96575,279.56250,28.94444,1328.23448,2081.86595
280,2,2,400.06944,24353.88657,170.92269,1262.76736,0.57535,166.23611,2.05556,1803.88766,3013.47663
281,2,2,66.35185,11910.97685,122.43385,555.23958,0.59527,353.45833,31.41667,943.69322,1595.72988
282,2,1,61.31944,3019.18519,79.12541,288.14583,3.69934,146.72917,23.43750,226.35784,250.98598
283,2,1,28.71065,4532.79861,24.34781,82.99653,2.64608,127.86111,36.75000,372.33415,618.47352
284,2,0,0.00000,8509.54630,0.00000,0.00000,0.00000,264.81944,16.90972,588.80596,986.04459
285,2,2,110.96528,5558.06944,74.10702,399.29514,1.16054,230.95139,95.65278,431.04412,579.77404
286,2,3,142.43904,15253.19907,114.58611,1091.86111,0.93434,204.66667,29.04167,1124.43342,1811.70539
287,2,2,64.27546,7795.50694,84.74219,562.48264,0.69616,75.30556,12.62500,648.62132,1450.16277
288,2,2,48.77431,8860.21296,150.75721,1118.54861,0.72563,103.09028,40.77778,912.26266,2249.45963
289,2,1,13.45139,7910.04398,14.15371,40.89931,2.88917,55.07639,19.02778,620.15727,916.56986
310,2,1,39.46065,3212.67593,28.48643,88.64931,3.39210,99.70833,25.56944,227.68015,353.84856
311,2,2,31.69907,2617.10880,49.54207,242.76389,0.50000,143.68750,12.97222,172.29126,146.78164
312,2,2,6.81481,1515.29167,84.71788,618.84722,0.50513,13.39583,6.31944,108.76144,196.52701
313,2,2,46.87731,4790.39815,127.61994,877.57986,1.84284,105.94444,43.30556,300.98693,326.28859
314,2,2,107.05556,8532.55556,230.01042,1628.29861,1.31028,190.08333,44.16667,552.40850,631.51018
315,2,1,135.68287,3188.18981,81.27184,316.74653,0.76259,119.97917,38.93056,193.23938,150.19239
316,2,2,79.66898,6525.84954,215.33972,1020.27778,0.61335,252.97917,56.63889,427.43505,364.18619
317,2,1,42.90741,3116.67824,41.96307,155.97222,2.39618,135.51389,47.84028,285.35376,516.84634
318,2,3,9.81790,1110.30787,32.89202,241.90972,0.74421,55.37500,8.64583,75.13154,75.98301
319,2,3,163.77006,10108.56481,170.31604,893.72569,0.89063,499.99306,164.77083,623.82516,373.04516
340,2,2,20.64815,3235.44213,42.06104,206.15972,1.84112,115.36806,16.32639,238.78962,286.19655
341,2,1,11.72454,12971.31481,17.82861,55.71875,2.07494,58.18750,37.80556,912.72100,1512.32721
342,2,3,39.91204,27616.87037,920.12457,9021.11806,0.50000,661.23611,30.44444,1977.35539,3271.33458
343,2,1,470.77083,14558.30556,968.40712,3842.62847,1.61800,194.70139,13.70833,953.75940,1488.93292
344,2,1,7.94907,7293.31250,14.69817,44.68056,2.23377,50.10417,12.81250,917.24673,2867.45508
345,2,4,159.82176,8263.62963,113.38013,1018.69444,0.52032,94.90972,31.27778,480.15891,665.58417
346,2,2,42.01968,2916.11343,51.03493,273.96528,1.64667,155.17361,27.06250,217.25082,193.23855
347,2,3,79.60108,14350.96759,368.24478,3692.95833,0.79439,368.20139,0.55556,996.85580,1282.85917
348,2,2,2354.33102,74207.72917,925.39796,6888.28125,2.59430,561.50694,0.59722,4547.63807,6324.89510
349,2,1,5.82407,5179.08565,18.56250,55.25000,0.55818,73.24306,28.95833,383.51144,524.58476
370,2,2,48.69560,4234.53935,128.82175,922.24653,1.51263,69.02083,43.88889,323.15850,430.37546
371,2,3,23.60648,1638.84028,31.26811,186.36806,0.61482,97.86111,14.43056,109.17933,87.94665
372,2,3,38.34954,3267.39583,88.15474,917.01389,1.08188,42.70833,15.61111,214.28268,324.37802
373,2,1,178.48148,12248.03009,727.88021,2880.52083,1.06370,300.25694,21.64583,801.42892,1032.07081
374,2,2,42.38657,3735.42361,76.83520,423.34375,0.98162,212.62500,56.38194,236.67075,140.27117
375,2,2,14.30208,1185.02315,20.90211,80.79514,1.00671,67.68750,16.56250,78.09559,61.75298
376,2,2,35.73958,8368.23611,165.75654,1084.87847,0.51484,206.45833,118.38194,695.06699,1279.67596
377,2,4,10.50926,1003.35185,20.74764,85.14583,0.51161,65.09028,17.85417,73.84681,56.35575
378,2,1,274.64120,7387.51852,139.03668,526.72569,6.96907,435.54861,116.65278,441.80882,261.11486
379,2,3,15.67670,1851.44907,24.54662,94.29514,0.86883,84.17361,49.68056,155.66953,266.92860
400,2,0,0.00000,30161.84491,0.00000,0.00000,0.00000,150.36111,61.76389,2218.99877,3683.55463
401,2,2,106.45023,7959.93287,154.29740,625.58333,0.50000,521.71528,20.43056,589.09518,564.86111
402,2,3,78.68287,7936.88426,193.44794,2179.54514,0.94979,53.86806,31.01389,521.56985,823.40274
403,2,1,34.02315,7050.63426,46.60731,163.17361,2.47693,155.88194,29.68056,580.90972,930.09779
404,2,3,10.89738,1583.44213,14.98934,72.76042,0.61514,45.00694,21.38194,188.05515,442.67323
405,2,0,0.00000,3726.37269,0.00000,0.00000,0.00000,66.54861,15.79167,348.72508,724.22176
406,2,2,5.68403,3549.87269,62.37418,417.53819,0.50000,73.62500,14.50000,333.40114,702.15924
407,2,4,72.70544,7832.21991,188.61156,2038.94444,0.50282,158.70139,17.25000,496.42443,662.90234
408,2,2,18.81829,1298.48148,16.59337,55.31250,1.46102,36.88889,15.00000,157.42688,367.71039
409,2,2,165.02315,6043.18750,102.57011,459.74306,1.82917,279.44444,46.08333,382.78391,290.58012
430,2,3,146.97840,17896.34954,526.83043,5211.46181,0.50000,379.91667,64.16667,1191.96201,1715.10382
431,2,3,8.84182,3152.23380,116.03464,1293.74306,0.50000,39.93056,7.41667,231.51471,420.40966
432,2,2,21.82986,1091.22454,20.77780,63.34722,0.60677,55.26389,6.09028,90.21732,124.54847
433,2,4,32.88889,2627.44676,42.64773,529.73958,0.67338,29.05556,19.11806,187.73489,256.37160
434,2,2,6.62269,1491.29861,8.72811,18.98611,0.74384,20.22222,8.93056,110.55351,183.47931
435,2,2,9.19907,1998.76389,13.75009,44.25347,0.71912,33.27778,16.86111,190.04984,386.39573
436,2,2,7.79861,7739.88426,17.89149,50.90278,0.53445,54.81944,14.06944,555.39175,966.87871
437,2,1,6.65046,4771.89815,8.79167,17.69097,1.23785,56.50000,15.44444,342.13358,636.67409
438,2,2,19.25810,5800.79398,29.29975,155.07986,0.85325,115.65278,35.86806,538.34722,944.64595
439,2,4,17.24942,8864.18056,228.38464,2829.85417,0.50000,161.25694,7.17361,651.77492,1023.64806
460,2,3,5.14660,4906.62269,5.86804,18.88542,0.52624,13.06250,3.88889,413.16136,967.99577
461,2,2,12.39352,1182.21065,12.23426,27.09722,0.59773,34.34722,11.97222,102.49551,161.68060
462,2,2,63.34028,3397.40046,104.22867,724.64236,1.50000,74.79167,8.90278,223.17484,282.14775
463,2,1,89.02778,1646.34954,66.67347,236.69444,2.87814,51.52083,6.70833,110.59600,120.55524
464,2,1,71.29861,5932.09028,38.88588,135.89931,3.29192,89.31250,32.59722,450.70057,921.95463
465,2,2,12.73264,1473.50000,29.77496,176.54514,0.50000,53.64583,14.00000,102.58824,119.79675
466,2,2,69.52315,6121.95833,56.90326,337.49653,1.89935,163.85417,40.56944,426.51879,634.57923
467,2,2,8.55093,1838.24537,14.53614,50.60069,0.84606,46.61806,20.34028,133.55923,199.74623
468,2,4,26.94907,4604.33565,114.98000,1319.48264,0.54877,85.70139,19.16667,322.63725,433.06022
469,2,3,14.08410,2018.94907,65.23512,444.67708,0.50000,35.57639,10.69444,139.73407,158.97727
490,2,1,20.53241,584.21991,17.61097,44.70139,2.33112,29.08333,8.97222,44.01797,43.66431
491,2,1,11.81250,7328.75694,16.47445,48.29514,1.86156,47.18750,12.61111,517.97141,1172.45202
492,2,3,10.17052,1718.55556,11.20272,30.07639,0.78782,29.39583,11.27778,172.21814,383.42612
493,2,2,131.14815,9054.55787,67.86261,487.83333,0.55015,326.56250,14.37500,660.10989,767.36000
494,2,2,16.36343,1757.95602,11.82129,29.46181,2.97987,31.31250,8.25694,210.42688,588.31523
495,2,4,12.05845,1484.95370,21.68789,148.60417,0.50000,74.35417,13.70833,123.97835,201.82516
496,2,1,6.35880,4604.58102,14.38319,43.51736,2.50770,47.34028,13.68750,405.63276,834.45562
497,2,2,10.37384,1617.42593,18.26779,67.91319,1.90873,64.35417,31.32639,138.15686,237.62196
498,2,3,9.90432,891.47454,11.76004,31.31597,0.59790,30.50694,10.27083,76.48775,127.06379
499,2,4,8.37847,3314.05324,18.22974,79.20139,0.58331,64.00000,30.08333,350.09722,705.67312
520,2,1,373.89583,10156.00000,361.40248,1414.92014,2.30486,220.89583,97.69444,721.42851,849.16154
521,2,2,149.73958,4037.24306,66.74346,448.20833,0.71611,55.56250,20.62500,310.35825,515.24011
522,2,3,8.26235,2088.28472,23.36980,109.61111,0.53067,68.84722,26.72222,194.04126,446.92826
523,2,3,11.52083,5143.06713,30.48216,149.17708,0.57104,138.14583,26.43056,384.34150,519.21634
524,2,2,57.07060,2745.66898,50.90149,233.67014,0.75120,130.23611,28.42361,185.47181,154.85680
525,2,2,89.09954,9760.03009,409.93326,2907.49653,0.56731,253.15972,22.06944,686.42525,998.02416
526,2,1,9.19213,2362.50694,10.83029,24.82292,1.99349,52.27778,17.23611,171.28350,223.19072
527,2,3,30.01775,5972.94907,41.62099,301.87153,0.50000,227.91667,73.62500,394.58824,483.83595
528,2,3,11.20448,870.45139,14.50149,56.45833,0.83555,35.17361,15.67361,82.93627,141.54066
529,2,1,9.03935,788.81019,19.07031,49.28125,1.78713,44.04861,9.90972,59.35294,63.62586
20,3,2,78.32986,2084.71759,46.40190,240.50694,1.65308,60.76389,18.26389,120.75531,140.74172
21,3,2,195.98148,5415.57407,93.98015,643.44444,0.73615,83.84722,22.89583,321.67239,402.51133
22,3,2,76.68287,3314.24537,52.27335,258.83333,0.51862,136.15972,29.88889,207.91095,182.98293
23,3,2,89.02199,3402.56481,48.36124,295.16667,0.72098,136.19444,41.90278,209.53554,164.82676
24,3,2,52.34606,1278.17824,32.59485,142.56597,3.01467,47.93056,3.28472,77.50531,74.51836
25,3,1,176.43750,3749.69907,84.04475,312.96875,3.98753,216.67361,31.19444,234.62990,177.85335
26,3,3,131.34028,6108.78009,92.08927,624.89236,0.50000,281.70833,61.22222,371.17851,340.03005
27,3,3,7.51929,2762.60880,16.69763,62.33333,0.70303,58.31250,25.45833,192.93015,288.28805
28,3,2,365.84606,12698.44213,186.30068,1224.32639,1.16825,231.22222,6.89583,768.40850,895.30670
29,3,4,53.96296,3116.56481,46.70312,357.86458,0.63342,118.13194,41.45833,183.72018,188.24166
50,3,1,44.09722,2704.78935,24.45980,79.31944,4.18023,93.15278,16.75000,204.65441,345.76635
51,3,2,45.44329,3953.19444,94.34607,564.46181,1.36428,198.90972,64.30556,251.54330,173.18702
52,3,3,309.05015,20242.00694,359.28155,1737.69444,0.50000,1325.16667,240.79861,1235.66217,571.94241
53,3,3,62.20216,5543.30324,147.86524,1399.82292,0.57121,267.61111,33.52778,354.23775,412.03764
54,3,3,18.70910,645.55556,14.32398,62.13889,0.50000,27.01389,7.58333,38.43423,31.08356
55,3,3,63.95216,14293.72222,160.79206,934.88889,0.50000,560.54861,151.36806,951.87582,1231.51402
56,3,1,7.78472,616.56481,9.60156,13.40625,1.53957,15.58333,4.54167,49.38685,82.53425
57,3,2,17.94329,1638.99074,20.13503,63.03472,1.58157,63.78472,11.00000,110.42565,119.45140
58,3,2,250.30093,8639.24306,154.26297,1136.63194,1.29681,85.12500,21.43056,519.12541,628.23682
59,3,3,156.38657,12310.70139,240.58598,1425.21181,0.55028,518.61806,30.99306,746.12582,511.09338
80,3,2,441.36343,10833.88426,210.73677,1435.82639,0.55700,317.12500,20.16667,676.17198,818.99250
81,3,2,361.41667,16190.09954,233.04061,1220.49306,1.27639,705.47917,35.22917,977.17525,677.07598
82,3,1,359.86806,5561.30324,159.38646,614.48264,3.40720,154.58333,51.32639,336.18832,364.28911
83,3,2,11.35648,1898.91204,21.68206,92.42014,0.67253,84.77083,25.01389,136.68382,165.01934
84,3,2,99.15394,4527.19907,121.42998,577.18403,0.50617,156.35417,54.88889,275.70343,204.88378
85,3,1,152.96991,6701.06250,191.23243,734.61458,2.93407,403.11111,68.51389,434.47018,294.60026
86,3,1,154.95602,4571.48380,90.28035,336.37153,5.69271,237.97917,44.30556,274.54902,169.40946
87,3,2,125.16898,5046.87037,69.06753,405.30556,1.90432,191.65278,60.88194,303.83905,226.95355
88,3,2,667.47106,39584.27083,841.67590,4437.60069,0.50000,2567.40972,566.01389,2472.45711,1401.76408
89,3,2,62.75810,4108.98380,138.89425,630.05556,0.81348,81.92361,20.46528,276.51471,258.38149
110,3,1,15.58333,1088.25926,22.23695,61.54167,1.90992,48.66667,9.89583,77.66054,89.50238
111,3,2,21.63773,1439.58565,25.82978,106.25000,0.71619,61.67361,17.35417,93.83946,75.07390
112,3,2,425.52431,15020.09722,362.18973,1707.72917,1.41236,432.02083,149.49306,922.02696,742.50566
113,3,2,271.74421,9848.79630,219.81566,949.11111,1.50015,577.04167,15.97917,585.90768,511.17656
114,3,2,144.00694,4766.20370,79.22447,364.95139,2.58029,223.15972,38.77083,286.12827,192.24522
115,3,1,687.15741,9195.32407,301.08013,1181.34722,3.63266,249.66667,25.51389,566.87908,662.39085
116,3,2,616.33681,16138.97685,277.20569,1939.84375,0.78860,350.04861,61.74306,944.55188,1166.18048
117,3,2,19.02199,4482.47917,133.06807,910.79514,0.50000,151.20139,46.85417,309.66095,291.95577
118,3,2,16.88542,1606.33333,55.61687,349.76389,0.50000,51.67361,8.83333,105.15645,126.02603
119,3,2,343.33449,10728.86574,179.76910,1114.78125,1.26458,312.06944,78.76389,669.43219,645.14261
140,3,2,45.68403,2052.28009,40.87952,235.62153,1.97540,63.52083,25.72917,133.22141,117.24163
141,3,4,111.92014,7244.45833,114.58159,887.26042,0.52055,309.75000,17.56250,440.23325,425.21112
142,3,2,60.24537,4183.69907,122.55725,719.17361,0.50000,219.51389,22.24306,270.50490,211.44497
143,3,2,13.11806,3524.92130,80.31452,499.77083,0.52167,176.90972,56.85417,236.74510,164.10683
144,3,3,33.82870,9038.06944,228.94167,2094.79861,0.61169,455.15278,33.77778,616.26797,682.11531
145,3,1,770.15972,8691.54167,301.09443,1189.05208,3.10039,66.26389,18.51389,480.39624,793.92508
146,3,2,362.47106,7216.77546,142.76150,1079.27083,0.77698,15.09028,0.61111,394.01062,774.94844
147,3,2,420.73495,8159.34722,167.51390,1270.10069,2.23587,38.36806,23.10417,493.52900,819.01029
148,3,1,10.28704,9073.07176,38.32594,134.88889,1.03087,305.61111,108.40972,691.84845,1002.95196
149,3,2,382.46181,11339.95370,177.31273,1238.71528,0.50713,156.16667,41.87500,673.74265,811.89640
170,3,2,151.52894,3739.71296,75.51094,499.05903,0.80704,80.57639,11.30556,226.66871,278.12489
171,3,3,97.75154,8078.58565,202.58160,1674.95139,0.50000,397.15278,91.20139,543.62173,481.26250
172,3,1,51.34028,6952.50926,81.65167,318.32986,1.63840,283.11806,54.81944,467.42239,460.68128
173,3,2,890.82523,19670.40972,383.40504,2137.54514,2.90946,278.56944,38.61806,1081.19771,1442.91751
174,3,2,23.66551,2285.67130,56.95279,315.98611,0.50000,127.24306,57.65972,147.33864,84.23186
175,3,2,132.18171,15617.15509,270.25643,1913.77431,1.29424,436.26389,115.02083,1063.90564,1048.69642
176,3,1,524.90741,10377.33565,232.55674,906.98611,5.62215,212.64583,91.36806,631.98693,611.16409
177,3,2,85.98958,5458.30787,92.54840,467.47222,0.80548,239.50694,126.31250,334.95507,187.45425
178,3,3,18.34491,1036.51157,19.80303,68.59028,1.18650,52.72222,24.96528,62.10212,22.82625
179,3,3,37.80401,1655.68981,30.36415,179.03819,0.58273,85.63194,17.29167,97.02288,76.30171
200,3,3,153.54938,6231.96065,89.65684,672.42014,0.50000,183.93056,16.08333,358.63072,367.20209
201,3,3,486.94753,14134.65972,211.98928,2212.57292,0.80179,197.13889,41.41667,853.96405,1389.24350
202,3,2,120.98495,7391.74537,227.17854,1737.95833,0.50000,165.98611,23.11111,468.09804,653.70023
203,3,2,106.77894,4099.60185,108.81550,507.88889,1.59442,115.56250,34.48611,240.02083,208.56730
204,3,3,107.85108,7706.93287,123.17561,713.16667,1.53108,474.81250,157.79861,466.77819,290.96097
205,3,3,86.19907,13123.75694,323.00797,1470.59028,0.50000,1009.70139,44.00694,866.78391,559.50057
206,3,2,7.31134,6903.81481,19.11230,62.07639,0.54119,96.45139,22.15278,484.48897,753.04837
207,3,1,58.02778,896.23843,28.27830,98.20833,3.56029,22.25000,9.15278,54.14583,57.33292
208,3,2,84.27662,3339.84028,90.90618,524.12500,0.50000,135.75000,37.99306,203.77288,182.66974
209,3,4,181.53704,12027.68287,289.60767,2004.22917,0.56486,394.39583,7.42361,702.07271,747.87451
230,3,2,224.59028,7450.40741,169.47931,806.67361,1.52017,216.80556,155.61111,472.91258,385.78416
231,3,1,43.74074,1799.04167,52.10164,183.90972,2.74014,51.59722,12.51389,117.27328,101.44446
232,3,3,112.55093,6657.09028,118.19828,530.98264,1.83005,492.70139,42.89583,396.46855,218.14715
233,3,3,26.00077,2069.66204,44.88768,271.16667,1.22842,113.38194,15.79167,127.75817,78.26092
234,3,2,142.05440,4279.21759,83.81210,517.43750,0.69756,106.92361,6.43056,246.68913,303.31982
235,3,2,71.81829,4741.34491,37.65142,148.06944,0.52033,216.99306,5.85417,309.10498,334.35817
236,3,3,41.20525,2687.31944,43.95897,268.04861,0.56794,135.34028,29.46528,169.22508,105.32809
237,3,2,484.34259,12483.32870,264.96045,1499.76042,0.67349,274.93056,6.43750,706.78799,947.96863
238,3,3,234.67515,10545.80093,121.05063,1086.12153,0.62396,311.25000,79.66667,645.18587,677.62259
239,3,2,188.24074,4938.33565,97.47627,597.43750,2.79713,154.15278,11.10417,304.88848,338.10199
260,3,2,140.21759,6211.59722,105.43219,482.87500,2.04352,335.80556,92.66667,373.58987,183.54973
261,3,2,286.64699,6724.77315,127.36372,866.10417,0.50684,121.45833,9.97222,375.39093,594.06485
262,3,3,307.23380,14517.90972,213.19462,2475.31250,0.79783,22.06944,9.62500,871.65033,1341.63400
263,3,2,8.76505,2886.96991,28.59857,123.97222,0.69137,104.84028,46.98611,208.79371,221.86341
264,3,2,17.00926,1155.99074,28.45658,187.88889,0.61127,25.93750,9.56944,73.12173,76.31821
265,3,2,37.32407,3249.10185,76.31157,540.32986,1.83523,66.70833,15.49306,203.51062,217.26691
266,3,2,472.99769,9945.57407,192.77255,1458.34722,2.11364,61.29861,16.43750,553.50163,998.41074
267,3,1,80.31019,1757.93287,37.73415,129.36111,3.06809,50.87500,14.04167,132.85498,156.07691
268,3,2,9.89583,1824.15741,35.06889,174.95486,0.94341,77.45833,30.07639,122.58088,85.74145
269,3,1,14.05093,14183.43981,32.20672,119.87500,1.77691,256.99306,82.58333,1015.58987,1545.02697
290,3,2,294.57407,9817.16667,211.75914,893.42708,1.10601,545.36111,34.14583,569.14420,553.43855
291,3,1,280.95370,5315.12963,117.15244,446.09722,5.51215,165.36111,20.08333,318.47508,309.14746
292,3,3,97.28549,4221.58796,89.27766,541.45486,0.51112,42.88889,24.38194,256.90727,287.79014
293,3,3,158.70062,5538.32639,82.43968,751.42361,0.82941,146.97917,10.30556,336.67688,447.16872
294,3,1,855.04167,17942.18981,344.66986,1353.95139,5.74176,819.84028,17.68750,1057.26757,962.22167
295,3,3,86.88735,3803.09028,60.74602,496.46875,0.79200,101.75000,12.13889,223.52819,248.95040
296,3,3,15.32022,822.03009,16.37036,65.21528,0.86248,45.88194,15.24306,52.74918,27.80203
297,3,2,100.01042,3199.21759,53.87198,311.72917,1.20997,87.00000,31.25694,197.67729,179.26384
298,3,3,217.50000,7301.34722,112.55485,935.80208,1.40852,286.22222,12.19444,435.82108,594.46085
299,3,1,409.09954,7355.48380,196.18370,756.26736,3.54069,295.69444,76.45139,448.88603,392.69603
320,3,3,293.04861,18265.42361,281.36692,1915.27083,0.53973,990.20833,5.00694,1088.24224,984.03796
321,3,3,29.93904,1697.22222,32.70611,158.50000,1.31778,100.76389,22.63889,102.53309,67.98210
322,3,1,55.33102,11223.32870,471.62766,1882.78819,0.50000,80.80556,20.20833,797.21242,909.12633
323,3,2,18.56713,1269.04167,36.17964,153.31944,0.50000,83.46528,15.73611,81.59109,46.68368
324,3,2,21.91551,853.44213,17.13303,70.82639,2.12655,38.45833,20.18750,57.62214,43.62817
325,3,2,20.46644,760.25926,18.89108,78.67361,1.41121,35.72222,16.56944,48.02533,30.99033
326,3,2,493.51389,15295.78935,277.96188,2165.89931,0.65325,128.38889,22.33333,884.85580,1187.64891
327,3,3,127.09336,4759.54630,73.99868,579.76389,0.65966,148.94444,10.35417,276.93178,354.71939
328,3,2,102.45370,2547.47222,51.19676,326.68403,0.60868,52.25000,10.79167,148.06250,192.48270
329,3,2,18.53125,697.78704,17.05053,49.03472,3.01714,37.27083,17.33333,43.14542,17.11151
350,3,1,145.54861,1736.19907,60.72257,229.87153,3.16295,38.50000,7.48611,104.77819,134.33347
351,3,1,88.59954,6466.67824,139.98215,545.78125,2.46606,427.52778,42.10417,410.03023,214.41962
352,3,2,22.88310,1844.62500,24.11046,83.04514,0.66629,79.47222,8.89583,130.96855,174.02096
353,3,4,8.16956,557.49074,10.95259,41.45833,0.53203,20.54861,18.58333,36.02859,27.77520
354,3,2,32.61227,779.22454,18.35659,103.88194,1.09286,14.22917,1.82639,46.62827,59.11976
355,3,2,14.16088,916.24306,28.89379,147.91667,0.59316,49.64583,12.71528,60.38725,39.79131
356,3,2,352.08912,8826.04630,150.56464,1145.16319,2.45937,44.15972,5.97917,495.16381,743.58462
357,3,3,36.53241,1341.59491,23.02084,163.52778,0.50000,31.90972,5.83333,76.82598,98.27482
358,3,2,74.86111,3141.05093,62.14749,265.55208,2.07832,106.49306,16.72222,245.11275,358.47687
359,3,1,1024.72917,11307.00463,393.30732,1550.78819,3.20025,76.09722,12.96528,648.21038,1002.81926
380,3,2,1583.19560,57225.88657,937.99414,6957.42708,1.85215,1025.83333,13.11111,3428.66136,3985.84936
381,3,3,9.69522,248.42361,8.91229,26.44097,0.59287,14.22917,3.60417,15.18668,9.01320
382,3,3,173.69907,7993.49074,121.88470,714.48958,0.67549,261.03472,37.18750,462.77819,406.88134
383,3,1,17.53704,10547.63194,16.39479,57.09028,1.59055,79.39583,10.77778,706.54167,962.01268
384,3,2,51.65278,2106.50000,33.11555,191.92708,0.53283,76.96528,28.95139,132.08701,101.12257
385,3,1,36.92593,956.84954,25.15382,78.35417,3.30725,50.39583,9.99306,58.54779,32.65952
386,3,3,65.68827,3037.12037,46.98147,281.08333,0.50000,154.20833,17.66667,182.31658,151.22524
387,3,2,291.98843,6736.66435,126.50831,870.30903,0.71485,111.90972,10.75694,407.22345,548.78208
388,3,2,71.42361,1751.26852,36.31107,246.35069,0.50920,23.13889,6.93750,107.55270,143.51418
389,3,1,13.71296,1356.07176,20.02872,61.59028,2.29078,55.37500,10.95833,88.03758,87.16978
410,3,1,106.35185,2029.59491,66.66903,259.71528,0.58890,79.78472,5.33333,122.01348,128.81193
411,3,3,12.80478,387.55787,8.99958,37.67014,0.50000,15.84722,5.67361,22.87377,19.61851
412,3,3,78.46451,3101.67361,39.12549,352.75694,0.50000,39.13194,12.69444,178.72549,221.95697
413,3,1,82.25231,2908.75694,79.22719,306.32292,1.19478,144.45139,46.67361,181.25082,133.94335
414,3,4,45.07928,2399.93056,36.73995,271.83333,0.56747,82.45833,3.15278,144.71283,138.02531
415,3,2,42.22338,1162.77778,26.35197,123.63889,1.70605,53.15972,7.00694,70.59559,63.52504
416,3,2,53.12731,1697.32870,32.17378,137.79514,1.77348,73.40972,15.90278,99.57271,77.85649
417,3,1,11.58333,10912.73611,14.26844,38.86806,2.75215,59.22222,9.73611,790.36683,1881.92865
418,3,1,527.50463,12359.31250,441.87638,1737.22222,3.50671,112.75000,17.56250,749.58619,895.93525
419,3,2,14.65625,463.66898,13.03601,41.61458,1.61600,26.51389,4.09028,28.13766,16.71987
440,3,2,19.34144,572.31944,14.88650,50.92361,2.76882,28.55556,9.68750,35.34150,19.17757
441,3,2,45.36574,1537.65509,29.80470,138.24306,0.69076,56.04167,27.20139,101.38807,95.02086
442,3,1,19.13426,326.43750,12.34167,32.19444,3.95691,12.38889,3.17361,19.87541,15.21201
443,3,1,49.64815,2670.53241,38.30957,127.75000,3.18854,167.69444,44.15972,170.29453,112.12843
444,3,2,44.21644,1342.67593,25.01696,130.16319,2.68687,31.13889,10.02778,103.59926,146.61237
445,3,1,120.46528,3108.16898,54.25310,203.30903,3.40969,175.86111,11.09028,217.91176,208.66794
446,3,1,88.66435,2937.43519,41.94727,146.86458,3.11312,32.88194,14.40278,212.11275,319.43383
447,3,2,14.56597,1261.45370,15.33322,42.01736,0.88623,36.34722,13.56250,88.66503,118.73491
448,3,3,7.27160,259.97685,8.70690,27.16319,1.54369,14.31250,5.95139,16.23366,9.00944
449,3,2,16.69213,605.96759,18.32451,50.43056,0.66131,36.04861,15.72222,39.05637,19.13698
470,3,3,11.88117,496.18519,12.97249,37.09028,0.72050,24.90972,12.93750,29.83374,12.00531
471,3,1,5.40278,196.81944,6.19702,12.25694,3.11232,12.04167,4.51389,12.99060,7.97325
472,3,2,84.73958,2434.53704,38.76257,250.23958,0.59336,66.84722,10.27778,147.24796,168.09778
473,3,3,12.37423,612.87500,13.39680,45.31944,0.72167,35.90972,19.13889,37.76103,16.20547
474,3,1,22.25231,377.67593,14.00778,34.30903,3.68777,16.77778,7.88194,23.72100,16.92649
475,3,2,17.94213,849.92130,17.79659,64.93056,0.76700,45.95139,24.71528,52.53186,21.81042
476,3,2,81.15046,3350.80324,72.44152,497.30208,2.64594,58.06944,11.76389,212.07843,231.37899
477,3,3,21.55478,1160.43056,17.26614,124.36111,0.59693,49.57639,22.16667,71.34967,57.37260
478,3,1,13.72685,1639.07870,14.87377,44.34028,2.81120,54.18056,24.84722,167.15319,374.50556
479,3,3,10.28704,370.02546,10.52622,34.52778,0.50000,12.63889,5.41667,21.49673,16.13900
500,3,1,16.19676,205.63657,9.74341,20.69097,3.49899,10.08333,2.25694,13.15645,11.50581
501,3,3,17.46528,678.59028,14.14207,67.29167,0.64260,26.69444,18.08333,41.22998,28.39666
502,3,1,1927.58102,21659.10648,783.49707,3107.12847,3.05227,225.25694,13.75000,1215.27737,2095.42219
503,3,2,200.96875,4992.24306,84.75154,620.02083,0.50000,76.41667,17.62500,295.21569,384.84898
504,3,3,42.79630,1514.46991,22.56614,195.36806,0.50000,21.61806,6.56250,85.61193,122.40325
505,3,2,39.08796,1378.20602,31.03041,110.91319,1.80341,79.90972,17.55556,84.35498,50.36630
506,3,1,31.12500,579.90509,17.63367,53.25000,4.07898,23.43750,8.25694,35.64216,26.23432
507,3,1,7.31713,2557.23611,11.13044,24.87847,1.91519,30.95833,15.50694,235.87908,436.36755
508,3,4,9.98264,406.44907,11.42090,34.34375,0.68727,22.45139,10.28472,26.39828,11.59290
509,3,3,115.67515,4766.21528,89.19195,508.90972,0.50000,168.87500,13.98611,274.86601,285.52434
530,3,2,23.00694,710.45602,17.56049,66.90278,2.77249,32.89583,7.44444,42.85049,30.05687
531,3,3,19.15818,628.80556,15.46423,54.94792,1.78997,34.88889,5.17361,37.35580,25.27900
532,3,1,144.32639,2349.51157,60.71468,220.32986,5.24606,60.27083,1.84028,139.58538,150.34759
533,3,2,117.08102,5633.37269,73.52483,448.93750,0.50000,204.52778,91.19444,372.15400,291.87557
534,3,3,5.17284,558.39352,10.87359,36.39583,0.50000,34.44444,24.95139,35.46324,8.41270
535,3,2,9.60880,1926.58796,25.58918,136.85764,1.20394,59.31250,15.86111,137.83415,175.39784
536,3,2,330.73032,15839.67593,455.08281,1888.28472,0.50000,774.54861,40.88194,995.58292,883.24223
537,3,2,54.44907,1677.80787,36.07671,192.45833,0.64225,71.47222,9.79167,104.13317,95.56066
538,3,2,14.74306,662.65509,17.00304,88.50694,0.94386,22.48611,6.43750,41.93219,35.13992
539,3,3,19.56096,1105.09722,22.39196,87.51736,0.50000,65.18750,17.00694,66.43505,33.17740
